Order, Path, Probability
1, /->/pricing, 0.125
1, /->/login, 0.09405940594059406
1, /->/success, 0.02599009900990099
1, /->/influencer_score, 0.03341584158415842
1, /->/terms, 0.023514851485148515
1, /->/blog, 0.06683168316831684
1, /->/chat, 0.46163366336633666
1, /->/contact, 0.04207920792079208
1, /->/chat/context/questions, 0.018564356435643563
1, /->/settings/affiliate, 0.023514851485148515
1, /->/settings, 0.05816831683168317
1, /->/settings/subscription, 0.027227722772277228
1, /pricing->/settings, 0.0670926517571885
1, /pricing->/contact, 0.04153354632587859
1, /pricing->/settings/affiliate, 0.01597444089456869
1, /pricing->/blog, 0.02875399361022364
1, /pricing->/influencer_score, 0.009584664536741214
1, /pricing->/settings/subscription, 0.009584664536741214
1, /pricing->/chat, 0.003194888178913738
1, /pricing->/success, 0.7859424920127795
1, /pricing->/terms, 0.009584664536741214
1, /pricing->/chat/context/questions, 0.012779552715654952
1, /pricing->/login, 0.01597444089456869
1, /login->/settings/affiliate, 0.03773584905660377
1, /login->/influencer_score, 0.018867924528301886
1, /login->/chat/context/questions, 0.04150943396226415
1, /login->/blog, 0.06037735849056604
1, /login->/settings/subscription, 0.011320754716981131
1, /login->/settings, 0.04905660377358491
1, /login->/terms, 0.03018867924528302
1, /login->/pricing, 0.007547169811320755
1, /login->/success, 0.033962264150943396
1, /login->/contact, 0.052830188679245285
1, /login->/chat, 0.033962264150943396
1, /login->/, 0.6226415094339622
1, /settings/affiliate->/terms, 0.08536585365853659
1, /settings/affiliate->/settings, 0.2073170731707317
1, /settings/affiliate->/blog, 0.17073170731707318
1, /settings/affiliate->/chat/context/questions, 0.08536585365853659
1, /settings/affiliate->/chat, 0.06097560975609756
1, /settings/affiliate->/contact, 0.13414634146341464
1, /settings/affiliate->/login, 0.06097560975609756
1, /settings/affiliate->/success, 0.06097560975609756
1, /settings/affiliate->/influencer_score, 0.036585365853658534
1, /settings/affiliate->/settings/subscription, 0.06097560975609756
1, /settings/affiliate->/pricing, 0.036585365853658534
1, /terms->/influencer_score, 0.05333333333333334
1, /terms->/settings/affiliate, 0.06666666666666667
1, /terms->/blog, 0.18666666666666668
1, /terms->/success, 0.04
1, /terms->/contact, 0.16
1, /terms->/settings, 0.28
1, /terms->/pricing, 0.06666666666666667
1, /terms->/login, 0.06666666666666667
1, /terms->/chat/context/questions, 0.02666666666666667
1, /terms->/chat, 0.02666666666666667
1, /terms->/settings/subscription, 0.02666666666666667
1, /influencer_score->/blog, 0.17073170731707318
1, /influencer_score->/contact, 0.18292682926829268
1, /influencer_score->/settings/affiliate, 0.07317073170731707
1, /influencer_score->/pricing, 0.10975609756097561
1, /influencer_score->/settings, 0.18292682926829268
1, /influencer_score->/settings/subscription, 0.07317073170731707
1, /influencer_score->/chat, 0.036585365853658534
1, /influencer_score->/login, 0.08536585365853659
1, /influencer_score->/chat/context/questions, 0.012195121951219513
1, /influencer_score->/terms, 0.024390243902439025
1, /influencer_score->/success, 0.04878048780487805
1, /success->/login, 0.625531914893617
1, /success->/settings/affiliate, 0.01702127659574468
1, /success->/settings, 0.08085106382978724
1, /success->/chat/context/questions, 0.02553191489361702
1, /success->/blog, 0.07234042553191489
1, /success->/contact, 0.09361702127659574
1, /success->/terms, 0.02127659574468085
1, /success->/chat, 0.02127659574468085
1, /success->/settings/subscription, 0.00851063829787234
1, /success->/pricing, 0.01276595744680851
1, /success->/influencer_score, 0.02127659574468085
1, /settings->/pricing, 0.02577319587628866
1, /settings->/terms, 0.015463917525773196
1, /settings->/settings/subscription, 0.29381443298969073
1, /settings->/blog, 0.08762886597938144
1, /settings->/chat, 0.015463917525773196
1, /settings->/success, 0.04639175257731959
1, /settings->/chat/context/questions, 0.061855670103092786
1, /settings->/settings/affiliate, 0.015463917525773196
1, /settings->/contact, 0.07731958762886598
1, /settings->/login, 0.03608247422680412
1, /settings->/influencer_score, 0.03608247422680412
1, /settings->/, 0.28865979381443296
1, /contact->/settings/subscription, 0.11267605633802817
1, /contact->/settings/affiliate, 0.056338028169014086
1, /contact->/login, 0.09859154929577464
1, /contact->/settings, 0.23943661971830985
1, /contact->/blog, 0.19718309859154928
1, /contact->/chat/context/questions, 0.056338028169014086
1, /contact->/pricing, 0.04225352112676056
1, /contact->/success, 0.08450704225352113
1, /contact->/influencer_score, 0.028169014084507043
1, /contact->/terms, 0.04225352112676056
1, /contact->/chat, 0.04225352112676056
1, /settings/subscription->/settings/affiliate, 0.023076923076923078
1, /settings/subscription->/settings, 0.09230769230769231
1, /settings/subscription->/contact, 0.09230769230769231
1, /settings/subscription->/chat, 0.046153846153846156
1, /settings/subscription->/terms, 0.038461538461538464
1, /settings/subscription->/influencer_score, 0.05384615384615385
1, /settings/subscription->/blog, 0.09230769230769231
1, /settings/subscription->/chat/context/questions, 0.06153846153846154
1, /settings/subscription->/success, 0.038461538461538464
1, /settings/subscription->/pricing, 0.023076923076923078
1, /settings/subscription->/login, 0.007692307692307693
1, /settings/subscription->/, 0.4307692307692308
1, /chat/context/questions->/pricing, 0.07446808510638298
1, /chat/context/questions->/blog, 0.19148936170212766
1, /chat/context/questions->/settings, 0.19148936170212766
1, /chat/context/questions->/login, 0.05319148936170213
1, /chat/context/questions->/contact, 0.20212765957446807
1, /chat/context/questions->/influencer_score, 0.031914893617021274
1, /chat/context/questions->/chat, 0.10638297872340426
1, /chat/context/questions->/success, 0.05319148936170213
1, /chat/context/questions->/settings/subscription, 0.05319148936170213
1, /chat/context/questions->/settings/affiliate, 0.02127659574468085
1, /chat/context/questions->/terms, 0.02127659574468085
1, /blog->/chat, 0.10112359550561797
1, /blog->/terms, 0.0449438202247191
1, /blog->/contact, 0.20224719101123595
1, /blog->/settings, 0.2247191011235955
1, /blog->/settings/affiliate, 0.07865168539325842
1, /blog->/success, 0.07865168539325842
1, /blog->/influencer_score, 0.0449438202247191
1, /blog->/chat/context/questions, 0.0898876404494382
1, /blog->/login, 0.07865168539325842
1, /blog->/settings/subscription, 0.033707865168539325
1, /blog->/pricing, 0.02247191011235955
1, /chat->/settings/affiliate, 0.005847953216374269
1, /chat->/settings, 0.014619883040935672
1, /chat->/contact, 0.019005847953216373
1, /chat->/blog, 0.019005847953216373
1, /chat->/terms, 0.008771929824561403
1, /chat->/influencer_score, 0.007309941520467836
1, /chat->/success, 0.007309941520467836
1, /chat->/pricing, 0.23976608187134502
1, /chat->/login, 0.0043859649122807015
1, /chat->/chat/context/questions, 0.005847953216374269
1, /chat->/settings/subscription, 0.0043859649122807015
1, /chat->/chat/context, 0.36257309941520466
1, /chat->/chat/questions, 0.30116959064327486
1, /chat/context->/pricing, 0.4336734693877551
1, /chat/context->/chat, 0.5612244897959183
1, /chat/context->/chat/questions, 0.00510204081632653
1, /chat/questions->/pricing, 0.33152173913043476
1, /chat/questions->/chat, 0.6684782608695652
2, /->/pricing->/settings, 0.06
2, /->/pricing->/settings/affiliate, 0.02
2, /->/pricing->/blog, 0.02
2, /->/pricing->/terms, 0.02
2, /->/pricing->/login, 0.03
2, /->/pricing->/success, 0.82
2, /->/pricing->/contact, 0.01
2, /->/pricing->/settings/subscription, 0.01
2, /->/pricing->/chat/context/questions, 0.01
2, /->/login->/settings/affiliate, 0.05333333333333334
2, /->/login->/chat/context/questions, 0.04
2, /->/login->/settings/subscription, 0.013333333333333334
2, /->/login->/blog, 0.04
2, /->/login->/terms, 0.04
2, /->/login->/pricing, 0.013333333333333334
2, /->/login->/contact, 0.04
2, /->/login->/settings, 0.06666666666666667
2, /->/login->/success, 0.013333333333333334
2, /->/login->/chat, 0.02666666666666667
2, /->/login->/, 0.6533333333333333
2, /login->/settings/affiliate->/terms, 0.1
2, /login->/settings/affiliate->/chat, 0.1
2, /login->/settings/affiliate->/settings/subscription, 0.1
2, /login->/settings/affiliate->/login, 0.1
2, /login->/settings/affiliate->/settings, 0.3
2, /login->/settings/affiliate->/contact, 0.1
2, /login->/settings/affiliate->/blog, 0.1
2, /login->/settings/affiliate->/pricing, 0.1
2, /settings/affiliate->/terms->/influencer_score, 0.14285714285714285
2, /settings/affiliate->/terms->/settings/affiliate, 0.14285714285714285
2, /settings/affiliate->/terms->/contact, 0.2857142857142857
2, /settings/affiliate->/terms->/settings, 0.14285714285714285
2, /settings/affiliate->/terms->/pricing, 0.14285714285714285
2, /settings/affiliate->/terms->/success, 0.14285714285714285
2, /terms->/influencer_score->/blog, 0.25
2, /terms->/influencer_score->/settings, 0.5
2, /terms->/influencer_score->/terms, 0.25
2, /->/success->/login, 0.09523809523809523
2, /->/success->/settings/affiliate, 0.09523809523809523
2, /->/success->/contact, 0.14285714285714285
2, /->/success->/settings, 0.23809523809523808
2, /->/success->/terms, 0.14285714285714285
2, /->/success->/chat/context/questions, 0.09523809523809523
2, /->/success->/influencer_score, 0.14285714285714285
2, /->/success->/chat, 0.047619047619047616
2, /success->/login->/influencer_score, 0.012658227848101266
2, /success->/login->/success, 0.02531645569620253
2, /success->/login->/settings/affiliate, 0.012658227848101266
2, /success->/login->/contact, 0.012658227848101266
2, /success->/login->/blog, 0.012658227848101266
2, /success->/login->/, 0.8607594936708861
2, /success->/login->/chat, 0.06329113924050633
2, /login->/influencer_score->/contact, 0.4
2, /login->/influencer_score->/settings/affiliate, 0.2
2, /login->/influencer_score->/settings, 0.2
2, /login->/influencer_score->/blog, 0.2
2, /settings->/pricing->/contact, 0.2
2, /settings->/pricing->/settings, 0.6
2, /settings->/pricing->/blog, 0.2
2, /->/influencer_score->/settings/affiliate, 0.14814814814814814
2, /->/influencer_score->/pricing, 0.14814814814814814
2, /->/influencer_score->/blog, 0.18518518518518517
2, /->/influencer_score->/contact, 0.25925925925925924
2, /->/influencer_score->/settings/subscription, 0.07407407407407407
2, /->/influencer_score->/success, 0.07407407407407407
2, /->/influencer_score->/login, 0.1111111111111111
2, /influencer_score->/settings/affiliate->/settings, 0.5
2, /influencer_score->/settings/affiliate->/contact, 0.16666666666666666
2, /influencer_score->/settings/affiliate->/terms, 0.16666666666666666
2, /influencer_score->/settings/affiliate->/blog, 0.16666666666666666
2, /->/terms->/settings/affiliate, 0.05263157894736842
2, /->/terms->/pricing, 0.10526315789473684
2, /->/terms->/blog, 0.05263157894736842
2, /->/terms->/login, 0.15789473684210525
2, /->/terms->/influencer_score, 0.10526315789473684
2, /->/terms->/contact, 0.21052631578947367
2, /->/terms->/settings, 0.21052631578947367
2, /->/terms->/chat/context/questions, 0.05263157894736842
2, /->/terms->/settings/subscription, 0.05263157894736842
2, /terms->/settings/affiliate->/settings, 0.4
2, /terms->/settings/affiliate->/chat, 0.2
2, /terms->/settings/affiliate->/blog, 0.2
2, /terms->/settings/affiliate->/terms, 0.2
2, /influencer_score->/pricing->/settings, 0.4444444444444444
2, /influencer_score->/pricing->/settings/subscription, 0.1111111111111111
2, /influencer_score->/pricing->/blog, 0.2222222222222222
2, /influencer_score->/pricing->/chat/context/questions, 0.1111111111111111
2, /influencer_score->/pricing->/settings/affiliate, 0.1111111111111111
2, /success->/settings/affiliate->/terms, 0.5
2, /success->/settings/affiliate->/blog, 0.25
2, /success->/settings/affiliate->/settings, 0.25
2, /contact->/settings/subscription->/settings/affiliate, 0.125
2, /contact->/settings/subscription->/blog, 0.125
2, /contact->/settings/subscription->/success, 0.25
2, /contact->/settings/subscription->/chat, 0.125
2, /contact->/settings/subscription->/contact, 0.125
2, /contact->/settings/subscription->/pricing, 0.125
2, /contact->/settings/subscription->/influencer_score, 0.125
2, /settings/subscription->/settings/affiliate->/chat/context/questions, 0.3333333333333333
2, /settings/subscription->/settings/affiliate->/success, 0.3333333333333333
2, /settings/subscription->/settings/affiliate->/pricing, 0.3333333333333333
2, /settings/affiliate->/chat/context/questions->/pricing, 0.14285714285714285
2, /settings/affiliate->/chat/context/questions->/blog, 0.2857142857142857
2, /settings/affiliate->/chat/context/questions->/contact, 0.2857142857142857
2, /settings/affiliate->/chat/context/questions->/settings, 0.2857142857142857
2, /chat/context/questions->/pricing->/contact, 0.42857142857142855
2, /chat/context/questions->/pricing->/blog, 0.2857142857142857
2, /chat/context/questions->/pricing->/settings, 0.14285714285714285
2, /chat/context/questions->/pricing->/chat/context/questions, 0.14285714285714285
2, /success->/settings->/terms, 0.25
2, /success->/settings->/chat/context/questions, 0.25
2, /success->/settings->/influencer_score, 0.25
2, /success->/settings->/success, 0.25
2, /settings->/terms->/blog, 1.0
2, /->/blog->/chat, 0.1
2, /->/blog->/terms, 0.06666666666666667
2, /->/blog->/settings/affiliate, 0.13333333333333333
2, /->/blog->/settings, 0.26666666666666666
2, /->/blog->/chat/context/questions, 0.13333333333333333
2, /->/blog->/login, 0.13333333333333333
2, /->/blog->/settings/subscription, 0.03333333333333333
2, /->/blog->/pricing, 0.03333333333333333
2, /->/blog->/contact, 0.06666666666666667
2, /->/blog->/influencer_score, 0.03333333333333333
2, /blog->/chat->/settings/affiliate, 0.1111111111111111
2, /blog->/chat->/influencer_score, 0.1111111111111111
2, /blog->/chat->/settings, 0.1111111111111111
2, /blog->/chat->/blog, 0.4444444444444444
2, /blog->/chat->/settings/subscription, 0.1111111111111111
2, /blog->/chat->/terms, 0.1111111111111111
2, /chat->/settings/affiliate->/chat/context/questions, 0.5
2, /chat->/settings/affiliate->/blog, 0.25
2, /chat->/settings/affiliate->/settings/subscription, 0.25
2, /blog->/terms->/settings/affiliate, 0.25
2, /blog->/terms->/blog, 0.5
2, /blog->/terms->/chat, 0.25
2, /settings/affiliate->/chat->/settings, 0.2
2, /settings/affiliate->/chat->/blog, 0.2
2, /settings/affiliate->/chat->/chat/context/questions, 0.2
2, /settings/affiliate->/chat->/settings/affiliate, 0.2
2, /settings/affiliate->/chat->/contact, 0.2
2, /login->/chat/context/questions->/settings, 0.2727272727272727
2, /login->/chat/context/questions->/blog, 0.2727272727272727
2, /login->/chat/context/questions->/settings/subscription, 0.09090909090909091
2, /login->/chat/context/questions->/contact, 0.18181818181818182
2, /login->/chat/context/questions->/terms, 0.09090909090909091
2, /login->/chat/context/questions->/pricing, 0.09090909090909091
2, /chat/context/questions->/settings->/settings/subscription, 0.125
2, /chat/context/questions->/settings->/blog, 0.375
2, /chat/context/questions->/settings->/contact, 0.25
2, /chat/context/questions->/settings->/influencer_score, 0.125
2, /chat/context/questions->/settings->/pricing, 0.125
2, /settings->/settings/subscription->/settings, 0.017543859649122806
2, /settings->/settings/subscription->/, 0.9824561403508771
2, /->/chat->/contact, 0.005934718100890208
2, /->/chat->/blog, 0.008902077151335312
2, /->/chat->/success, 0.005934718100890208
2, /->/chat->/login, 0.005934718100890208
2, /->/chat->/settings, 0.005934718100890208
2, /->/chat->/influencer_score, 0.002967359050445104
2, /->/chat->/pricing, 0.09495548961424333
2, /->/chat->/settings/subscription, 0.002967359050445104
2, /->/chat->/chat/context, 0.44510385756676557
2, /->/chat->/chat/questions, 0.42136498516320475
2, /chat->/contact->/settings/affiliate, 0.3333333333333333
2, /chat->/contact->/chat/context/questions, 0.3333333333333333
2, /chat->/contact->/settings, 0.3333333333333333
2, /contact->/settings/affiliate->/contact, 0.25
2, /contact->/settings/affiliate->/success, 0.25
2, /contact->/settings/affiliate->/settings/subscription, 0.25
2, /contact->/settings/affiliate->/blog, 0.25
2, /influencer_score->/blog->/contact, 0.4
2, /influencer_score->/blog->/chat, 0.2
2, /influencer_score->/blog->/influencer_score, 0.2
2, /influencer_score->/blog->/settings, 0.2
2, /->/contact->/login, 0.125
2, /->/contact->/blog, 0.125
2, /->/contact->/settings/subscription, 0.1875
2, /->/contact->/pricing, 0.0625
2, /->/contact->/settings/affiliate, 0.125
2, /->/contact->/influencer_score, 0.0625
2, /->/contact->/success, 0.125
2, /->/contact->/settings, 0.0625
2, /->/contact->/chat/context/questions, 0.0625
2, /->/contact->/chat, 0.0625
2, /contact->/login->/blog, 0.2857142857142857
2, /contact->/login->/settings, 0.14285714285714285
2, /contact->/login->/pricing, 0.14285714285714285
2, /contact->/login->/terms, 0.14285714285714285
2, /contact->/login->/chat/context/questions, 0.14285714285714285
2, /contact->/login->/settings/affiliate, 0.14285714285714285
2, /->/chat/context/questions->/login, 0.2
2, /->/chat/context/questions->/pricing, 0.06666666666666667
2, /->/chat/context/questions->/contact, 0.26666666666666666
2, /->/chat/context/questions->/chat, 0.06666666666666667
2, /->/chat/context/questions->/settings, 0.13333333333333333
2, /->/chat/context/questions->/settings/subscription, 0.13333333333333333
2, /->/chat/context/questions->/terms, 0.06666666666666667
2, /->/chat/context/questions->/blog, 0.06666666666666667
2, /chat/context/questions->/login->/settings/subscription, 0.2
2, /chat/context/questions->/login->/contact, 0.2
2, /chat/context/questions->/login->/influencer_score, 0.2
2, /chat/context/questions->/login->/success, 0.2
2, /chat/context/questions->/login->/chat/context/questions, 0.2
2, /login->/settings/subscription->/contact, 0.3333333333333333
2, /login->/settings/subscription->/influencer_score, 0.3333333333333333
2, /login->/settings/subscription->/terms, 0.3333333333333333
2, /chat->/blog->/contact, 0.6
2, /chat->/blog->/success, 0.2
2, /chat->/blog->/settings/affiliate, 0.2
2, /blog->/contact->/settings, 0.4
2, /blog->/contact->/blog, 0.6
2, /->/settings/affiliate->/blog, 0.15789473684210525
2, /->/settings/affiliate->/chat, 0.10526315789473684
2, /->/settings/affiliate->/settings, 0.21052631578947367
2, /->/settings/affiliate->/success, 0.10526315789473684
2, /->/settings/affiliate->/contact, 0.21052631578947367
2, /->/settings/affiliate->/login, 0.10526315789473684
2, /->/settings/affiliate->/settings/subscription, 0.05263157894736842
2, /->/settings/affiliate->/influencer_score, 0.05263157894736842
2, /settings/affiliate->/login->/chat/context/questions, 0.2
2, /settings/affiliate->/login->/settings, 0.4
2, /settings/affiliate->/login->/contact, 0.2
2, /settings/affiliate->/login->/success, 0.2
2, /settings->/blog->/contact, 0.16666666666666666
2, /settings->/blog->/settings, 0.16666666666666666
2, /settings->/blog->/influencer_score, 0.3333333333333333
2, /settings->/blog->/login, 0.16666666666666666
2, /settings->/blog->/chat/context/questions, 0.16666666666666666
2, /->/settings->/blog, 0.14285714285714285
2, /->/settings->/chat/context/questions, 0.25
2, /->/settings->/login, 0.21428571428571427
2, /->/settings->/success, 0.14285714285714285
2, /->/settings->/influencer_score, 0.03571428571428571
2, /->/settings->/contact, 0.14285714285714285
2, /->/settings->/pricing, 0.03571428571428571
2, /->/settings->/chat, 0.03571428571428571
2, /pricing->/settings->/chat, 0.3333333333333333
2, /pricing->/settings->/settings/affiliate, 0.3333333333333333
2, /pricing->/settings->/pricing, 0.3333333333333333
2, /settings->/chat->/contact, 0.3333333333333333
2, /settings->/chat->/success, 0.3333333333333333
2, /settings->/chat->/settings, 0.3333333333333333
2, /blog->/settings/affiliate->/blog, 0.42857142857142855
2, /blog->/settings/affiliate->/contact, 0.2857142857142857
2, /blog->/settings/affiliate->/chat/context/questions, 0.14285714285714285
2, /blog->/settings/affiliate->/chat, 0.14285714285714285
2, /settings/affiliate->/blog->/settings, 0.5
2, /settings/affiliate->/blog->/success, 0.25
2, /settings/affiliate->/blog->/contact, 0.25
2, /pricing->/settings/affiliate->/settings, 0.2
2, /pricing->/settings/affiliate->/contact, 0.2
2, /pricing->/settings/affiliate->/settings/subscription, 0.2
2, /pricing->/settings/affiliate->/chat/context/questions, 0.2
2, /pricing->/settings/affiliate->/login, 0.2
2, /chat->/terms->/success, 0.16666666666666666
2, /chat->/terms->/settings, 0.3333333333333333
2, /chat->/terms->/contact, 0.16666666666666666
2, /chat->/terms->/login, 0.16666666666666666
2, /chat->/terms->/settings/subscription, 0.16666666666666666
2, /terms->/success->/chat/context/questions, 0.3333333333333333
2, /terms->/success->/blog, 0.3333333333333333
2, /terms->/success->/settings, 0.3333333333333333
2, /success->/chat/context/questions->/pricing, 0.3333333333333333
2, /success->/chat/context/questions->/blog, 0.16666666666666666
2, /success->/chat/context/questions->/login, 0.16666666666666666
2, /success->/chat/context/questions->/contact, 0.16666666666666666
2, /success->/chat/context/questions->/settings/affiliate, 0.16666666666666666
2, /blog->/success->/blog, 0.42857142857142855
2, /blog->/success->/chat/context/questions, 0.14285714285714285
2, /blog->/success->/contact, 0.14285714285714285
2, /blog->/success->/chat, 0.14285714285714285
2, /blog->/success->/settings, 0.14285714285714285
2, /->/settings/subscription->/chat, 0.13636363636363635
2, /->/settings/subscription->/settings, 0.18181818181818182
2, /->/settings/subscription->/contact, 0.13636363636363635
2, /->/settings/subscription->/influencer_score, 0.18181818181818182
2, /->/settings/subscription->/pricing, 0.045454545454545456
2, /->/settings/subscription->/success, 0.045454545454545456
2, /->/settings/subscription->/blog, 0.045454545454545456
2, /->/settings/subscription->/chat/context/questions, 0.13636363636363635
2, /->/settings/subscription->/settings/affiliate, 0.045454545454545456
2, /->/settings/subscription->/terms, 0.045454545454545456
2, /settings/subscription->/chat->/blog, 0.16666666666666666
2, /settings/subscription->/chat->/contact, 0.5
2, /settings/subscription->/chat->/success, 0.16666666666666666
2, /settings/subscription->/chat->/settings, 0.16666666666666666
2, /settings/subscription->/terms->/contact, 0.2
2, /settings/subscription->/terms->/pricing, 0.2
2, /settings/subscription->/terms->/chat/context/questions, 0.2
2, /settings/subscription->/terms->/blog, 0.4
2, /blog->/settings->/success, 0.14285714285714285
2, /blog->/settings->/settings/affiliate, 0.14285714285714285
2, /blog->/settings->/contact, 0.2857142857142857
2, /blog->/settings->/blog, 0.14285714285714285
2, /blog->/settings->/chat/context/questions, 0.2857142857142857
2, /settings->/success->/contact, 0.4444444444444444
2, /settings->/success->/settings/subscription, 0.1111111111111111
2, /settings->/success->/settings, 0.1111111111111111
2, /settings->/success->/settings/affiliate, 0.1111111111111111
2, /settings->/success->/chat/context/questions, 0.1111111111111111
2, /settings->/success->/login, 0.1111111111111111
2, /success->/contact->/settings, 0.25
2, /success->/contact->/chat/context/questions, 0.25
2, /success->/contact->/blog, 0.5
2, /settings/subscription->/contact->/blog, 0.3333333333333333
2, /settings/subscription->/contact->/settings, 0.3333333333333333
2, /settings/subscription->/contact->/success, 0.3333333333333333
2, /contact->/blog->/contact, 0.2
2, /contact->/blog->/settings/affiliate, 0.2
2, /contact->/blog->/chat, 0.2
2, /contact->/blog->/settings, 0.2
2, /contact->/blog->/settings/subscription, 0.2
2, /settings/subscription->/influencer_score->/settings, 0.42857142857142855
2, /settings/subscription->/influencer_score->/contact, 0.14285714285714285
2, /settings/subscription->/influencer_score->/success, 0.14285714285714285
2, /settings/subscription->/influencer_score->/terms, 0.14285714285714285
2, /settings/subscription->/influencer_score->/pricing, 0.14285714285714285
2, /login->/blog->/chat, 0.5
2, /login->/blog->/success, 0.5
2, /chat->/influencer_score->/settings, 0.6
2, /chat->/influencer_score->/chat/context/questions, 0.2
2, /chat->/influencer_score->/settings/subscription, 0.2
2, /influencer_score->/settings/subscription->/blog, 0.16666666666666666
2, /influencer_score->/settings/subscription->/chat/context/questions, 0.16666666666666666
2, /influencer_score->/settings/subscription->/settings, 0.3333333333333333
2, /influencer_score->/settings/subscription->/contact, 0.16666666666666666
2, /influencer_score->/settings/subscription->/chat, 0.16666666666666666
2, /settings->/chat/context/questions->/contact, 0.3333333333333333
2, /settings->/chat/context/questions->/success, 0.16666666666666666
2, /settings->/chat/context/questions->/settings, 0.25
2, /settings->/chat/context/questions->/blog, 0.16666666666666666
2, /settings->/chat/context/questions->/login, 0.08333333333333333
2, /chat/context/questions->/blog->/success, 0.14285714285714285
2, /chat/context/questions->/blog->/settings/affiliate, 0.14285714285714285
2, /chat/context/questions->/blog->/contact, 0.2857142857142857
2, /chat/context/questions->/blog->/settings, 0.2857142857142857
2, /chat/context/questions->/blog->/chat, 0.14285714285714285
2, /chat->/success->/blog, 0.4
2, /chat->/success->/contact, 0.4
2, /chat->/success->/pricing, 0.2
2, /success->/blog->/contact, 0.4
2, /success->/blog->/chat, 0.2
2, /success->/blog->/terms, 0.2
2, /success->/blog->/success, 0.2
2, /influencer_score->/contact->/login, 0.6666666666666666
2, /influencer_score->/contact->/terms, 0.3333333333333333
2, /chat/context/questions->/influencer_score->/contact, 0.6666666666666666
2, /chat/context/questions->/influencer_score->/settings/subscription, 0.3333333333333333
2, /contact->/chat/context/questions->/contact, 0.5
2, /contact->/chat/context/questions->/blog, 0.25
2, /contact->/chat/context/questions->/pricing, 0.25
2, /pricing->/contact->/settings, 0.5
2, /pricing->/contact->/success, 0.25
2, /pricing->/contact->/blog, 0.25
2, /settings/subscription->/blog->/settings, 0.8
2, /settings/subscription->/blog->/settings/subscription, 0.2
2, /settings->/settings/affiliate->/contact, 0.3333333333333333
2, /settings->/settings/affiliate->/influencer_score, 0.3333333333333333
2, /settings->/settings/affiliate->/success, 0.3333333333333333
2, /blog->/influencer_score->/blog, 0.5
2, /blog->/influencer_score->/pricing, 0.25
2, /blog->/influencer_score->/success, 0.25
2, /contact->/pricing->/settings, 0.3333333333333333
2, /contact->/pricing->/contact, 0.3333333333333333
2, /contact->/pricing->/influencer_score, 0.3333333333333333
2, /chat/context/questions->/chat->/blog, 0.2
2, /chat/context/questions->/chat->/success, 0.1
2, /chat/context/questions->/chat->/settings, 0.3
2, /chat/context/questions->/chat->/pricing, 0.2
2, /chat/context/questions->/chat->/contact, 0.1
2, /chat/context/questions->/chat->/terms, 0.1
2, /pricing->/influencer_score->/chat, 0.3333333333333333
2, /pricing->/influencer_score->/settings, 0.3333333333333333
2, /pricing->/influencer_score->/settings/subscription, 0.3333333333333333
2, /influencer_score->/chat->/terms, 0.3333333333333333
2, /influencer_score->/chat->/blog, 0.3333333333333333
2, /influencer_score->/chat->/contact, 0.3333333333333333
2, /settings/affiliate->/settings->/blog, 0.5
2, /settings/affiliate->/settings->/chat/context/questions, 0.5
2, /chat/context/questions->/success->/blog, 0.4
2, /chat/context/questions->/success->/contact, 0.4
2, /chat/context/questions->/success->/influencer_score, 0.2
2, /success->/terms->/blog, 0.2
2, /success->/terms->/settings, 0.6
2, /success->/terms->/influencer_score, 0.2
2, /blog->/chat/context/questions->/chat, 0.25
2, /blog->/chat/context/questions->/contact, 0.125
2, /blog->/chat/context/questions->/settings, 0.125
2, /blog->/chat/context/questions->/blog, 0.375
2, /blog->/chat/context/questions->/pricing, 0.125
2, /pricing->/settings/subscription->/chat/context/questions, 0.6666666666666666
2, /pricing->/settings/subscription->/contact, 0.3333333333333333
2, /settings/subscription->/chat/context/questions->/chat, 0.125
2, /settings/subscription->/chat/context/questions->/contact, 0.125
2, /settings/subscription->/chat/context/questions->/blog, 0.25
2, /settings/subscription->/chat/context/questions->/settings, 0.25
2, /settings/subscription->/chat/context/questions->/success, 0.125
2, /settings/subscription->/chat/context/questions->/settings/subscription, 0.125
2, /chat->/settings->/blog, 0.25
2, /chat->/settings->/influencer_score, 0.25
2, /chat->/settings->/contact, 0.5
2, /pricing->/blog->/login, 0.25
2, /pricing->/blog->/terms, 0.25
2, /pricing->/blog->/contact, 0.5
2, /blog->/login->/blog, 0.14285714285714285
2, /blog->/login->/contact, 0.2857142857142857
2, /blog->/login->/chat/context/questions, 0.14285714285714285
2, /blog->/login->/chat, 0.14285714285714285
2, /blog->/login->/settings, 0.14285714285714285
2, /blog->/login->/success, 0.14285714285714285
2, /settings/affiliate->/success->/settings, 0.4
2, /settings/affiliate->/success->/contact, 0.2
2, /settings/affiliate->/success->/login, 0.2
2, /settings/affiliate->/success->/chat, 0.2
2, /login->/terms->/settings, 0.25
2, /login->/terms->/contact, 0.25
2, /login->/terms->/blog, 0.375
2, /login->/terms->/login, 0.125
2, /terms->/pricing->/contact, 0.4
2, /terms->/pricing->/settings, 0.4
2, /terms->/pricing->/login, 0.2
2, /contact->/success->/contact, 0.16666666666666666
2, /contact->/success->/blog, 0.3333333333333333
2, /contact->/success->/chat/context/questions, 0.16666666666666666
2, /contact->/success->/settings, 0.16666666666666666
2, /contact->/success->/login, 0.16666666666666666
2, /login->/pricing->/contact, 0.5
2, /login->/pricing->/settings, 0.5
2, /chat->/pricing->/chat, 0.011494252873563218
2, /chat->/pricing->/settings/affiliate, 0.011494252873563218
2, /chat->/pricing->/chat/context/questions, 0.011494252873563218
2, /chat->/pricing->/success, 0.9655172413793104
2, /pricing->/chat->/contact, 1.0
2, /chat->/login->/blog, 0.3333333333333333
2, /chat->/login->/terms, 0.3333333333333333
2, /chat->/login->/chat/context/questions, 0.3333333333333333
2, /settings->/contact->/settings/subscription, 0.2
2, /settings->/contact->/settings/affiliate, 0.2
2, /settings->/contact->/blog, 0.2
2, /settings->/contact->/terms, 0.2
2, /settings->/contact->/settings, 0.2
2, /settings/subscription->/success->/contact, 0.4
2, /settings/subscription->/success->/settings, 0.4
2, /settings/subscription->/success->/blog, 0.2
2, /success->/chat->/settings/affiliate, 0.2
2, /success->/chat->/settings, 0.2
2, /success->/chat->/influencer_score, 0.2
2, /success->/chat->/login, 0.2
2, /success->/chat->/chat/context/questions, 0.2
2, /login->/success->/settings, 0.3333333333333333
2, /login->/success->/settings/subscription, 0.1111111111111111
2, /login->/success->/chat, 0.1111111111111111
2, /login->/success->/blog, 0.1111111111111111
2, /login->/success->/pricing, 0.1111111111111111
2, /login->/success->/contact, 0.1111111111111111
2, /login->/success->/terms, 0.1111111111111111
2, /chat->/chat/context/questions->/blog, 0.25
2, /chat->/chat/context/questions->/chat, 0.5
2, /chat->/chat/context/questions->/settings, 0.25
2, /chat/context/questions->/contact->/settings, 0.6
2, /chat/context/questions->/contact->/login, 0.2
2, /chat/context/questions->/contact->/settings/subscription, 0.2
2, /chat/context/questions->/settings/subscription->/chat/context/questions, 0.2
2, /chat/context/questions->/settings/subscription->/settings, 0.2
2, /chat/context/questions->/settings/subscription->/success, 0.4
2, /chat/context/questions->/settings/subscription->/blog, 0.2
2, /contact->/influencer_score->/settings/affiliate, 0.5
2, /contact->/influencer_score->/settings, 0.5
2, /pricing->/success->/terms, 0.00684931506849315
2, /pricing->/success->/contact, 0.00684931506849315
2, /pricing->/success->/influencer_score, 0.00684931506849315
2, /pricing->/success->/blog, 0.00684931506849315
2, /pricing->/success->/settings, 0.00684931506849315
2, /pricing->/success->/login, 0.9657534246575342
2, /influencer_score->/login->/contact, 0.14285714285714285
2, /influencer_score->/login->/blog, 0.5714285714285714
2, /influencer_score->/login->/influencer_score, 0.2857142857142857
2, /login->/contact->/terms, 0.3333333333333333
2, /login->/contact->/chat/context/questions, 0.3333333333333333
2, /login->/contact->/settings, 0.3333333333333333
2, /contact->/terms->/settings, 0.6666666666666666
2, /contact->/terms->/success, 0.3333333333333333
2, /settings->/login->/success, 0.14285714285714285
2, /settings->/login->/settings/affiliate, 0.14285714285714285
2, /settings->/login->/settings, 0.14285714285714285
2, /settings->/login->/chat/context/questions, 0.14285714285714285
2, /settings->/login->/terms, 0.14285714285714285
2, /settings->/login->/contact, 0.14285714285714285
2, /settings->/login->/blog, 0.14285714285714285
2, /success->/settings/subscription->/contact, 0.5
2, /success->/settings/subscription->/blog, 0.5
2, /pricing->/terms->/settings/affiliate, 0.3333333333333333
2, /pricing->/terms->/contact, 0.3333333333333333
2, /pricing->/terms->/settings, 0.3333333333333333
2, /contact->/settings->/chat, 0.3333333333333333
2, /contact->/settings->/influencer_score, 0.3333333333333333
2, /contact->/settings->/blog, 0.3333333333333333
2, /contact->/chat->/influencer_score, 0.3333333333333333
2, /contact->/chat->/terms, 0.3333333333333333
2, /contact->/chat->/chat/context/questions, 0.3333333333333333
2, /influencer_score->/chat/context/questions->/settings, 1.0
2, /login->/settings->/terms, 0.25
2, /login->/settings->/contact, 0.25
2, /login->/settings->/success, 0.25
2, /login->/settings->/blog, 0.25
2, /terms->/blog->/chat/context/questions, 0.3333333333333333
2, /terms->/blog->/contact, 0.3333333333333333
2, /terms->/blog->/login, 0.3333333333333333
2, /settings/subscription->/settings->/success, 0.25
2, /settings/subscription->/settings->/chat/context/questions, 0.25
2, /settings/subscription->/settings->/login, 0.25
2, /settings/subscription->/settings->/contact, 0.25
2, /settings/affiliate->/influencer_score->/settings, 0.6666666666666666
2, /settings/affiliate->/influencer_score->/login, 0.3333333333333333
2, /settings->/influencer_score->/settings/subscription, 0.14285714285714285
2, /settings->/influencer_score->/blog, 0.14285714285714285
2, /settings->/influencer_score->/chat, 0.14285714285714285
2, /settings->/influencer_score->/settings, 0.14285714285714285
2, /settings->/influencer_score->/contact, 0.2857142857142857
2, /settings->/influencer_score->/pricing, 0.14285714285714285
2, /success->/pricing->/settings, 0.3333333333333333
2, /success->/pricing->/contact, 0.6666666666666666
2, /terms->/contact->/blog, 0.5
2, /terms->/contact->/settings, 0.5
2, /settings/subscription->/pricing->/terms, 0.3333333333333333
2, /settings/subscription->/pricing->/blog, 0.3333333333333333
2, /settings/subscription->/pricing->/influencer_score, 0.3333333333333333
2, /terms->/settings->/influencer_score, 0.2
2, /terms->/settings->/success, 0.2
2, /terms->/settings->/blog, 0.2
2, /terms->/settings->/settings/affiliate, 0.2
2, /terms->/settings->/contact, 0.2
2, /settings/affiliate->/settings/subscription->/settings, 0.4
2, /settings/affiliate->/settings/subscription->/blog, 0.4
2, /settings/affiliate->/settings/subscription->/contact, 0.2
2, /terms->/login->/chat/context/questions, 0.2
2, /terms->/login->/settings/subscription, 0.2
2, /terms->/login->/contact, 0.2
2, /terms->/login->/settings/affiliate, 0.2
2, /terms->/login->/settings, 0.2
2, /terms->/chat/context/questions->/blog, 0.5
2, /terms->/chat/context/questions->/settings, 0.5
2, /influencer_score->/terms->/settings, 1.0
2, /success->/influencer_score->/pricing, 0.2
2, /success->/influencer_score->/settings, 0.2
2, /success->/influencer_score->/blog, 0.6
2, /pricing->/chat/context/questions->/chat, 0.25
2, /pricing->/chat/context/questions->/success, 0.25
2, /pricing->/chat/context/questions->/contact, 0.5
2, /chat->/settings/subscription->/blog, 0.3333333333333333
2, /chat->/settings/subscription->/contact, 0.3333333333333333
2, /chat->/settings/subscription->/influencer_score, 0.3333333333333333
2, /blog->/settings/subscription->/blog, 0.6666666666666666
2, /blog->/settings/subscription->/contact, 0.3333333333333333
2, /login->/chat->/contact, 0.5
2, /login->/chat->/influencer_score, 0.25
2, /login->/chat->/blog, 0.25
2, /settings/affiliate->/contact->/blog, 0.3333333333333333
2, /settings/affiliate->/contact->/influencer_score, 0.3333333333333333
2, /settings/affiliate->/contact->/settings/subscription, 0.3333333333333333
2, /blog->/pricing->/contact, 0.5
2, /blog->/pricing->/success, 0.5
2, /influencer_score->/success->/contact, 0.5
2, /influencer_score->/success->/blog, 0.5
2, /influencer_score->/settings->/contact, 0.5
2, /influencer_score->/settings->/blog, 0.5
2, /pricing->/login->/success, 0.2
2, /pricing->/login->/settings/affiliate, 0.4
2, /pricing->/login->/blog, 0.2
2, /pricing->/login->/contact, 0.2
2, /settings/subscription->/login->/contact, 1.0
2, /terms->/chat->/contact, 0.5
2, /terms->/chat->/terms, 0.5
2, /chat/context/questions->/settings/affiliate->/terms, 0.5
2, /chat/context/questions->/settings/affiliate->/settings, 0.5
2, /chat/context/questions->/terms->/settings, 0.5
2, /chat/context/questions->/terms->/blog, 0.5
2, /settings/affiliate->/pricing->/success, 0.3333333333333333
2, /settings/affiliate->/pricing->/login, 0.3333333333333333
2, /settings/affiliate->/pricing->/settings, 0.3333333333333333
2, /terms->/settings/subscription->/contact, 0.5
2, /terms->/settings/subscription->/chat/context/questions, 0.5
2, /chat->/chat/context->/pricing, 0.4336734693877551
2, /chat->/chat/context->/chat, 0.5612244897959183
2, /chat->/chat/context->/chat/questions, 0.00510204081632653
2, /chat/context->/pricing->/success, 1.0
2, /login->/->/chat, 0.9934640522875817
2, /login->/->/pricing, 0.006535947712418301
2, /settings->/->/chat, 0.8214285714285714
2, /settings->/->/pricing, 0.17857142857142858
2, /chat/context->/chat->/pricing, 0.6238532110091743
2, /chat/context->/chat->/chat/questions, 0.3761467889908257
2, /chat->/chat/questions->/pricing, 0.33152173913043476
2, /chat->/chat/questions->/chat, 0.6684782608695652
2, /settings/subscription->/->/chat, 0.8392857142857143
2, /settings/subscription->/->/login, 0.017857142857142856
2, /settings/subscription->/->/pricing, 0.14285714285714285
2, /chat/questions->/chat->/pricing, 0.5210084033613446
2, /chat/questions->/chat->/chat/context, 0.4789915966386555
2, /chat/questions->/pricing->/success, 1.0
3, /->/login->/settings/affiliate->/terms, 0.25
3, /->/login->/settings/affiliate->/chat, 0.25
3, /->/login->/settings/affiliate->/settings/subscription, 0.25
3, /->/login->/settings/affiliate->/contact, 0.25
3, /login->/settings/affiliate->/terms->/influencer_score, 1.0
3, /settings/affiliate->/terms->/influencer_score->/blog, 1.0
3, /->/success->/login->/influencer_score, 0.5
3, /->/success->/login->/success, 0.5
3, /success->/login->/influencer_score->/contact, 1.0
3, /->/influencer_score->/settings/affiliate->/settings, 0.75
3, /->/influencer_score->/settings/affiliate->/contact, 0.25
3, /->/terms->/settings/affiliate->/settings, 1.0
3, /->/influencer_score->/pricing->/settings, 0.75
3, /->/influencer_score->/pricing->/chat/context/questions, 0.25
3, /->/success->/settings/affiliate->/terms, 0.5
3, /->/success->/settings/affiliate->/settings, 0.5
3, /success->/settings/affiliate->/terms->/settings/affiliate, 0.5
3, /success->/settings/affiliate->/terms->/settings, 0.5
3, /settings/affiliate->/terms->/settings/affiliate->/settings, 1.0
3, /contact->/settings/subscription->/settings/affiliate->/chat/context/questions, 1.0
3, /settings/subscription->/settings/affiliate->/chat/context/questions->/pricing, 1.0
3, /settings/affiliate->/chat/context/questions->/pricing->/contact, 1.0
3, /success->/settings->/terms->/blog, 1.0
3, /->/blog->/chat->/settings/affiliate, 0.3333333333333333
3, /->/blog->/chat->/terms, 0.3333333333333333
3, /->/blog->/chat->/blog, 0.3333333333333333
3, /blog->/chat->/settings/affiliate->/chat/context/questions, 1.0
3, /chat->/settings/affiliate->/chat/context/questions->/blog, 1.0
3, /->/blog->/terms->/settings/affiliate, 0.5
3, /->/blog->/terms->/chat, 0.5
3, /blog->/terms->/settings/affiliate->/chat, 1.0
3, /terms->/settings/affiliate->/chat->/settings, 1.0
3, /->/login->/chat/context/questions->/settings, 0.3333333333333333
3, /->/login->/chat/context/questions->/contact, 0.6666666666666666
3, /login->/chat/context/questions->/settings->/settings/subscription, 0.5
3, /login->/chat/context/questions->/settings->/blog, 0.5
3, /chat/context/questions->/settings->/settings/subscription->/settings, 1.0
3, /->/chat->/contact->/settings/affiliate, 1.0
3, /chat->/contact->/settings/affiliate->/contact, 1.0
3, /->/influencer_score->/blog->/contact, 0.3333333333333333
3, /->/influencer_score->/blog->/chat, 0.3333333333333333
3, /->/influencer_score->/blog->/settings, 0.3333333333333333
3, /->/contact->/login->/blog, 0.5
3, /->/contact->/login->/chat/context/questions, 0.5
3, /->/chat/context/questions->/login->/settings/subscription, 0.3333333333333333
3, /->/chat/context/questions->/login->/influencer_score, 0.3333333333333333
3, /->/chat/context/questions->/login->/chat/context/questions, 0.3333333333333333
3, /chat/context/questions->/login->/settings/subscription->/contact, 1.0
3, /->/chat->/blog->/contact, 1.0
3, /chat->/blog->/contact->/settings, 1.0
3, /settings/affiliate->/login->/chat/context/questions->/settings, 1.0
3, /chat/context/questions->/settings->/blog->/contact, 1.0
3, /->/settings->/blog->/settings, 0.25
3, /->/settings->/blog->/influencer_score, 0.5
3, /->/settings->/blog->/chat/context/questions, 0.25
3, /->/pricing->/settings->/chat, 0.5
3, /->/pricing->/settings->/settings/affiliate, 0.5
3, /pricing->/settings->/chat->/contact, 1.0
3, /->/blog->/settings/affiliate->/blog, 0.5
3, /->/blog->/settings/affiliate->/chat/context/questions, 0.25
3, /->/blog->/settings/affiliate->/chat, 0.25
3, /blog->/settings/affiliate->/blog->/settings, 1.0
3, /->/pricing->/settings/affiliate->/settings, 0.5
3, /->/pricing->/settings/affiliate->/settings/subscription, 0.5
3, /chat->/terms->/success->/chat/context/questions, 1.0
3, /terms->/success->/chat/context/questions->/pricing, 1.0
3, /success->/chat/context/questions->/pricing->/blog, 0.5
3, /success->/chat/context/questions->/pricing->/settings, 0.5
3, /->/settings/affiliate->/chat->/blog, 0.5
3, /->/settings/affiliate->/chat->/settings/affiliate, 0.5
3, /settings/affiliate->/chat->/blog->/success, 1.0
3, /chat->/blog->/success->/blog, 1.0
3, /->/settings/subscription->/chat->/blog, 0.3333333333333333
3, /->/settings/subscription->/chat->/contact, 0.3333333333333333
3, /->/settings/subscription->/chat->/success, 0.3333333333333333
3, /settings/subscription->/chat->/blog->/settings/affiliate, 1.0
3, /chat->/blog->/settings/affiliate->/contact, 1.0
3, /->/blog->/settings->/success, 0.3333333333333333
3, /->/blog->/settings->/contact, 0.3333333333333333
3, /->/blog->/settings->/chat/context/questions, 0.3333333333333333
3, /blog->/settings->/success->/contact, 1.0
3, /settings->/success->/contact->/settings, 1.0
3, /->/settings/subscription->/contact->/blog, 1.0
3, /settings/subscription->/contact->/blog->/contact, 1.0
3, /->/login->/settings/subscription->/influencer_score, 1.0
3, /login->/settings/subscription->/influencer_score->/settings, 1.0
3, /->/login->/blog->/chat, 1.0
3, /login->/blog->/chat->/influencer_score, 1.0
3, /blog->/chat->/influencer_score->/settings, 1.0
3, /->/influencer_score->/settings/subscription->/blog, 0.5
3, /->/influencer_score->/settings/subscription->/chat/context/questions, 0.5
3, /->/settings->/chat/context/questions->/contact, 0.5714285714285714
3, /->/settings->/chat/context/questions->/success, 0.14285714285714285
3, /->/settings->/chat/context/questions->/login, 0.14285714285714285
3, /->/settings->/chat/context/questions->/settings, 0.14285714285714285
3, /blog->/success->/chat/context/questions->/blog, 1.0
3, /success->/chat/context/questions->/blog->/success, 1.0
3, /chat/context/questions->/blog->/success->/contact, 1.0
3, /->/chat->/success->/blog, 0.5
3, /->/chat->/success->/pricing, 0.5
3, /chat->/success->/blog->/contact, 1.0
3, /success->/blog->/contact->/blog, 1.0
3, /->/settings/subscription->/influencer_score->/contact, 0.25
3, /->/settings/subscription->/influencer_score->/settings, 0.5
3, /->/settings/subscription->/influencer_score->/terms, 0.25
3, /settings/subscription->/influencer_score->/contact->/login, 1.0
3, /influencer_score->/contact->/login->/settings, 0.5
3, /influencer_score->/contact->/login->/blog, 0.5
3, /influencer_score->/blog->/chat->/settings, 1.0
3, /success->/contact->/chat/context/questions->/contact, 1.0
3, /->/settings/affiliate->/blog->/success, 0.5
3, /->/settings/affiliate->/blog->/settings, 0.5
3, /settings/affiliate->/blog->/success->/blog, 1.0
3, /->/chat/context/questions->/pricing->/contact, 1.0
3, /chat/context/questions->/pricing->/contact->/settings, 1.0
3, /settings/subscription->/blog->/settings->/settings/affiliate, 0.5
3, /settings/subscription->/blog->/settings->/blog, 0.5
3, /blog->/settings->/settings/affiliate->/contact, 1.0
3, /settings->/blog->/influencer_score->/blog, 0.5
3, /settings->/blog->/influencer_score->/pricing, 0.5
3, /->/contact->/settings/subscription->/blog, 0.3333333333333333
3, /->/contact->/settings/subscription->/chat, 0.3333333333333333
3, /->/contact->/settings/subscription->/pricing, 0.3333333333333333
3, /->/contact->/pricing->/settings, 1.0
3, /contact->/blog->/settings/affiliate->/contact, 1.0
3, /pricing->/influencer_score->/chat->/terms, 1.0
3, /influencer_score->/chat->/terms->/settings, 1.0
3, /->/settings/affiliate->/settings->/blog, 0.5
3, /->/settings/affiliate->/settings->/chat/context/questions, 0.5
3, /->/success->/settings->/chat/context/questions, 0.5
3, /->/success->/settings->/influencer_score, 0.5
3, /success->/settings->/chat/context/questions->/success, 1.0
3, /settings->/chat/context/questions->/success->/blog, 0.5
3, /settings->/chat/context/questions->/success->/contact, 0.5
3, /contact->/blog->/chat->/blog, 1.0
3, /->/success->/terms->/blog, 0.3333333333333333
3, /->/success->/terms->/influencer_score, 0.3333333333333333
3, /->/success->/terms->/settings, 0.3333333333333333
3, /->/blog->/chat/context/questions->/chat, 0.5
3, /->/blog->/chat/context/questions->/blog, 0.5
3, /blog->/chat/context/questions->/chat->/success, 0.5
3, /blog->/chat/context/questions->/chat->/terms, 0.5
3, /chat/context/questions->/chat->/success->/blog, 1.0
3, /pricing->/settings/subscription->/chat/context/questions->/chat, 0.5
3, /pricing->/settings/subscription->/chat/context/questions->/settings, 0.5
3, /settings/subscription->/chat/context/questions->/chat->/settings, 1.0
3, /chat/context/questions->/chat->/settings->/blog, 0.5
3, /chat/context/questions->/chat->/settings->/contact, 0.5
3, /->/pricing->/blog->/login, 0.5
3, /->/pricing->/blog->/contact, 0.5
3, /pricing->/blog->/login->/blog, 1.0
3, /->/contact->/settings/affiliate->/success, 0.5
3, /->/contact->/settings/affiliate->/blog, 0.5
3, /contact->/settings/affiliate->/success->/settings, 1.0
3, /->/login->/terms->/settings, 0.3333333333333333
3, /->/login->/terms->/contact, 0.3333333333333333
3, /->/login->/terms->/blog, 0.3333333333333333
3, /settings/subscription->/terms->/pricing->/contact, 1.0
3, /terms->/pricing->/contact->/success, 1.0
3, /pricing->/contact->/success->/contact, 1.0
3, /->/login->/pricing->/contact, 1.0
3, /login->/pricing->/contact->/blog, 1.0
3, /chat/context/questions->/chat->/pricing->/chat, 0.5
3, /chat/context/questions->/chat->/pricing->/settings/affiliate, 0.5
3, /chat->/pricing->/chat->/contact, 1.0
3, /contact->/success->/blog->/contact, 1.0
3, /->/chat->/login->/blog, 0.5
3, /->/chat->/login->/chat/context/questions, 0.5
3, /settings->/contact->/settings/subscription->/success, 1.0
3, /contact->/settings/subscription->/success->/contact, 0.5
3, /contact->/settings/subscription->/success->/settings, 0.5
3, /settings/subscription->/success->/contact->/blog, 1.0
3, /blog->/success->/chat->/settings/affiliate, 1.0
3, /success->/chat->/settings/affiliate->/chat/context/questions, 1.0
3, /success->/login->/success->/settings, 0.5
3, /success->/login->/success->/terms, 0.5
3, /influencer_score->/settings/subscription->/chat/context/questions->/contact, 1.0
3, /->/influencer_score->/contact->/login, 0.5
3, /->/influencer_score->/contact->/terms, 0.5
3, /login->/settings/affiliate->/chat->/chat/context/questions, 1.0
3, /settings/affiliate->/chat->/chat/context/questions->/blog, 1.0
3, /contact->/settings/subscription->/chat->/contact, 1.0
3, /->/chat/context/questions->/contact->/settings, 1.0
3, /chat/context/questions->/settings/subscription->/chat/context/questions->/blog, 1.0
3, /settings/subscription->/chat/context/questions->/blog->/settings/affiliate, 1.0
3, /chat/context/questions->/blog->/settings/affiliate->/blog, 1.0
3, /->/contact->/influencer_score->/settings/affiliate, 1.0
3, /contact->/influencer_score->/settings/affiliate->/terms, 1.0
3, /influencer_score->/settings/affiliate->/terms->/contact, 1.0
3, /login->/chat/context/questions->/blog->/contact, 1.0
3, /chat/context/questions->/blog->/contact->/settings, 1.0
3, /pricing->/success->/terms->/settings, 1.0
3, /influencer_score->/login->/contact->/terms, 1.0
3, /login->/contact->/terms->/settings, 1.0
3, /influencer_score->/login->/blog->/success, 1.0
3, /login->/blog->/success->/settings, 1.0
3, /->/success->/chat/context/questions->/login, 0.5
3, /->/success->/chat/context/questions->/settings/affiliate, 0.5
3, /success->/chat/context/questions->/login->/contact, 1.0
3, /->/settings->/login->/success, 0.16666666666666666
3, /->/settings->/login->/settings/affiliate, 0.16666666666666666
3, /->/settings->/login->/chat/context/questions, 0.16666666666666666
3, /->/settings->/login->/terms, 0.16666666666666666
3, /->/settings->/login->/contact, 0.16666666666666666
3, /->/settings->/login->/blog, 0.16666666666666666
3, /settings->/login->/success->/settings/subscription, 1.0
3, /login->/success->/settings/subscription->/contact, 1.0
3, /->/pricing->/terms->/settings/affiliate, 0.5
3, /->/pricing->/terms->/contact, 0.5
3, /pricing->/terms->/settings/affiliate->/blog, 1.0
3, /->/contact->/success->/chat/context/questions, 0.5
3, /->/contact->/success->/blog, 0.5
3, /contact->/success->/chat/context/questions->/contact, 1.0
3, /settings/subscription->/chat->/contact->/chat/context/questions, 1.0
3, /chat->/contact->/chat/context/questions->/blog, 1.0
3, /blog->/influencer_score->/pricing->/settings, 1.0
3, /success->/terms->/influencer_score->/settings, 1.0
3, /contact->/settings->/chat->/success, 1.0
3, /settings->/chat->/success->/contact, 1.0
3, /chat->/success->/contact->/blog, 1.0
3, /contact->/chat->/influencer_score->/chat/context/questions, 1.0
3, /chat->/influencer_score->/chat/context/questions->/settings, 1.0
3, /influencer_score->/chat/context/questions->/settings->/contact, 1.0
3, /login->/settings->/terms->/blog, 1.0
3, /settings->/terms->/blog->/chat/context/questions, 1.0
3, /terms->/blog->/chat/context/questions->/settings, 1.0
3, /contact->/chat->/terms->/contact, 1.0
3, /->/settings/subscription->/settings->/success, 0.5
3, /->/settings/subscription->/settings->/login, 0.5
3, /settings/subscription->/settings->/success->/settings/subscription, 1.0
3, /settings->/success->/settings/subscription->/blog, 1.0
3, /->/settings->/success->/settings, 0.25
3, /->/settings->/success->/contact, 0.25
3, /->/settings->/success->/chat/context/questions, 0.25
3, /->/settings->/success->/login, 0.25
3, /influencer_score->/blog->/influencer_score->/blog, 1.0
3, /->/settings->/influencer_score->/settings/subscription, 1.0
3, /settings->/influencer_score->/settings/subscription->/settings, 1.0
3, /->/terms->/pricing->/settings, 1.0
3, /->/chat/context/questions->/chat->/pricing, 1.0
3, /chat->/pricing->/settings/affiliate->/contact, 1.0
3, /pricing->/terms->/contact->/blog, 1.0
3, /settings/subscription->/pricing->/terms->/settings, 1.0
3, /pricing->/terms->/settings->/influencer_score, 1.0
3, /terms->/settings->/influencer_score->/blog, 1.0
3, /->/blog->/login->/contact, 0.25
3, /->/blog->/login->/chat/context/questions, 0.25
3, /->/blog->/login->/chat, 0.25
3, /->/blog->/login->/success, 0.25
3, /->/settings/subscription->/pricing->/blog, 1.0
3, /->/settings->/contact->/settings/affiliate, 0.3333333333333333
3, /->/settings->/contact->/terms, 0.3333333333333333
3, /->/settings->/contact->/settings, 0.3333333333333333
3, /settings->/contact->/settings/affiliate->/settings/subscription, 1.0
3, /contact->/settings/affiliate->/settings/subscription->/settings, 1.0
3, /settings/affiliate->/chat/context/questions->/contact->/login, 0.5
3, /settings/affiliate->/chat/context/questions->/contact->/settings, 0.5
3, /chat/context/questions->/contact->/login->/pricing, 1.0
3, /contact->/login->/pricing->/settings, 1.0
3, /->/contact->/chat/context/questions->/contact, 1.0
3, /contact->/chat/context/questions->/contact->/settings/subscription, 1.0
3, /chat/context/questions->/contact->/settings/subscription->/contact, 1.0
3, /->/terms->/blog->/contact, 1.0
3, /success->/settings->/influencer_score->/chat, 1.0
3, /settings->/influencer_score->/chat->/blog, 1.0
3, /->/terms->/login->/chat/context/questions, 0.3333333333333333
3, /->/terms->/login->/settings/subscription, 0.3333333333333333
3, /->/terms->/login->/settings/affiliate, 0.3333333333333333
3, /terms->/login->/chat/context/questions->/settings/subscription, 1.0
3, /login->/chat/context/questions->/settings/subscription->/settings, 1.0
3, /influencer_score->/blog->/settings->/contact, 1.0
3, /influencer_score->/pricing->/settings/subscription->/contact, 1.0
3, /pricing->/settings/subscription->/contact->/settings, 1.0
3, /settings/subscription->/terms->/chat/context/questions->/blog, 1.0
3, /login->/success->/chat->/settings, 1.0
3, /success->/chat->/settings->/influencer_score, 1.0
3, /chat->/settings->/influencer_score->/settings, 1.0
3, /login->/contact->/chat/context/questions->/pricing, 1.0
3, /contact->/chat/context/questions->/pricing->/blog, 1.0
3, /->/terms->/influencer_score->/terms, 0.5
3, /->/terms->/influencer_score->/settings, 0.5
3, /terms->/influencer_score->/terms->/settings, 1.0
3, /pricing->/settings->/settings/affiliate->/influencer_score, 1.0
3, /settings->/settings/affiliate->/influencer_score->/settings, 1.0
3, /login->/settings/affiliate->/settings/subscription->/blog, 1.0
3, /->/success->/influencer_score->/pricing, 0.3333333333333333
3, /->/success->/influencer_score->/blog, 0.6666666666666666
3, /success->/influencer_score->/pricing->/blog, 1.0
3, /influencer_score->/pricing->/chat/context/questions->/chat, 1.0
3, /pricing->/chat/context/questions->/chat->/blog, 1.0
3, /terms->/login->/settings/subscription->/terms, 1.0
3, /login->/settings/subscription->/terms->/blog, 1.0
3, /influencer_score->/pricing->/settings->/pricing, 1.0
3, /pricing->/settings->/pricing->/settings, 1.0
3, /blog->/chat->/settings/subscription->/blog, 1.0
3, /settings->/login->/settings/affiliate->/login, 1.0
3, /login->/settings/affiliate->/login->/settings, 1.0
3, /settings/subscription->/settings/affiliate->/success->/contact, 1.0
3, /terms->/settings->/success->/settings/affiliate, 1.0
3, /settings->/success->/settings/affiliate->/terms, 1.0
3, /->/blog->/settings/subscription->/blog, 1.0
3, /->/chat/context/questions->/settings->/influencer_score, 1.0
3, /chat/context/questions->/settings->/influencer_score->/contact, 1.0
3, /settings/affiliate->/terms->/pricing->/contact, 1.0
3, /->/settings/affiliate->/success->/login, 0.5
3, /->/settings/affiliate->/success->/chat, 0.5
3, /settings/affiliate->/success->/login->/settings/affiliate, 1.0
3, /success->/login->/settings/affiliate->/settings, 1.0
3, /->/login->/success->/blog, 1.0
3, /login->/success->/blog->/chat, 1.0
3, /success->/blog->/chat->/blog, 1.0
3, /->/login->/chat->/contact, 0.5
3, /->/login->/chat->/influencer_score, 0.5
3, /settings->/success->/chat/context/questions->/pricing, 1.0
3, /blog->/login->/chat/context/questions->/settings, 1.0
3, /->/contact->/chat->/chat/context/questions, 1.0
3, /contact->/chat->/chat/context/questions->/chat, 1.0
3, /chat->/chat/context/questions->/chat->/settings, 1.0
3, /->/settings->/pricing->/blog, 1.0
3, /settings->/pricing->/blog->/terms, 1.0
3, /pricing->/blog->/terms->/blog, 1.0
3, /influencer_score->/chat->/contact->/settings, 1.0
3, /->/settings/affiliate->/contact->/blog, 0.5
3, /->/settings/affiliate->/contact->/settings/subscription, 0.5
3, /->/blog->/pricing->/contact, 1.0
3, /contact->/settings/subscription->/pricing->/influencer_score, 1.0
3, /settings/subscription->/pricing->/influencer_score->/settings, 1.0
3, /->/influencer_score->/success->/contact, 0.5
3, /->/influencer_score->/success->/blog, 0.5
3, /->/login->/settings->/contact, 0.3333333333333333
3, /->/login->/settings->/success, 0.3333333333333333
3, /->/login->/settings->/blog, 0.3333333333333333
3, /->/settings/subscription->/success->/settings, 1.0
3, /terms->/settings/affiliate->/terms->/success, 1.0
3, /settings/affiliate->/terms->/success->/blog, 1.0
3, /chat/context/questions->/chat->/terms->/settings, 1.0
3, /settings/subscription->/settings->/chat/context/questions->/settings, 1.0
3, /login->/settings/affiliate->/contact->/influencer_score, 1.0
3, /settings/affiliate->/contact->/influencer_score->/settings, 1.0
3, /contact->/settings/subscription->/influencer_score->/success, 1.0
3, /settings/subscription->/influencer_score->/success->/blog, 1.0
3, /login->/settings->/success->/contact, 1.0
3, /influencer_score->/success->/blog->/terms, 1.0
3, /success->/blog->/terms->/blog, 1.0
3, /settings/subscription->/influencer_score->/terms->/settings, 1.0
3, /influencer_score->/terms->/settings->/blog, 1.0
3, /settings/subscription->/settings->/login->/settings, 1.0
3, /chat/context/questions->/login->/influencer_score->/settings/affiliate, 1.0
3, /login->/influencer_score->/settings/affiliate->/blog, 1.0
3, /settings->/login->/chat/context/questions->/blog, 1.0
3, /->/chat/context/questions->/settings/subscription->/success, 1.0
3, /chat/context/questions->/settings/subscription->/success->/contact, 0.5
3, /chat/context/questions->/settings/subscription->/success->/blog, 0.5
3, /login->/settings->/blog->/login, 1.0
3, /settings->/blog->/login->/contact, 1.0
3, /settings/subscription->/influencer_score->/settings->/contact, 1.0
3, /->/pricing->/login->/success, 0.3333333333333333
3, /->/pricing->/login->/settings/affiliate, 0.3333333333333333
3, /->/pricing->/login->/blog, 0.3333333333333333
3, /pricing->/login->/success->/pricing, 1.0
3, /login->/success->/pricing->/contact, 1.0
3, /settings/subscription->/login->/contact->/settings, 1.0
3, /login->/contact->/settings->/influencer_score, 1.0
3, /contact->/settings->/influencer_score->/contact, 1.0
3, /->/pricing->/success->/contact, 0.013333333333333334
3, /->/pricing->/success->/login, 0.9866666666666667
3, /blog->/chat->/terms->/login, 1.0
3, /chat->/terms->/login->/contact, 1.0
3, /pricing->/blog->/contact->/blog, 1.0
3, /pricing->/success->/influencer_score->/settings, 1.0
3, /pricing->/settings/affiliate->/settings/subscription->/settings, 1.0
3, /settings/affiliate->/settings/subscription->/settings->/contact, 1.0
3, /success->/chat->/influencer_score->/settings/subscription, 1.0
3, /chat->/influencer_score->/settings/subscription->/settings, 1.0
3, /->/settings/affiliate->/login->/contact, 0.5
3, /->/settings/affiliate->/login->/success, 0.5
3, /->/settings->/chat->/settings, 1.0
3, /settings->/chat->/settings->/contact, 1.0
3, /->/pricing->/settings/subscription->/chat/context/questions, 1.0
3, /blog->/terms->/chat->/contact, 1.0
3, /pricing->/login->/settings/affiliate->/blog, 0.5
3, /pricing->/login->/settings/affiliate->/pricing, 0.5
3, /settings/affiliate->/settings->/chat/context/questions->/blog, 1.0
3, /settings->/chat/context/questions->/blog->/settings, 1.0
3, /pricing->/settings/affiliate->/chat/context/questions->/settings, 1.0
3, /chat->/settings/subscription->/contact->/success, 1.0
3, /settings/subscription->/contact->/success->/login, 1.0
3, /contact->/success->/login->/contact, 1.0
3, /terms->/login->/settings/affiliate->/settings, 1.0
3, /settings->/blog->/chat/context/questions->/blog, 1.0
3, /settings->/login->/terms->/login, 1.0
3, /login->/terms->/login->/settings, 1.0
3, /settings/affiliate->/chat->/settings/affiliate->/blog, 1.0
3, /chat->/settings/affiliate->/blog->/contact, 1.0
3, /->/settings/subscription->/blog->/settings, 1.0
3, /->/settings/subscription->/chat/context/questions->/settings, 0.3333333333333333
3, /->/settings/subscription->/chat/context/questions->/success, 0.3333333333333333
3, /->/settings/subscription->/chat/context/questions->/blog, 0.3333333333333333
3, /->/terms->/settings->/settings/affiliate, 0.5
3, /->/terms->/settings->/contact, 0.5
3, /terms->/settings->/settings/affiliate->/success, 1.0
3, /settings->/settings/affiliate->/success->/settings, 1.0
3, /terms->/settings->/contact->/blog, 1.0
3, /settings->/contact->/blog->/settings, 1.0
3, /->/influencer_score->/login->/influencer_score, 0.6666666666666666
3, /->/influencer_score->/login->/blog, 0.3333333333333333
3, /influencer_score->/login->/influencer_score->/settings, 0.5
3, /influencer_score->/login->/influencer_score->/contact, 0.5
3, /login->/influencer_score->/settings->/blog, 1.0
3, /->/pricing->/chat/context/questions->/success, 1.0
3, /pricing->/chat/context/questions->/success->/contact, 1.0
3, /->/settings/affiliate->/settings/subscription->/blog, 1.0
3, /settings/affiliate->/settings/subscription->/blog->/settings/subscription, 1.0
3, /settings/subscription->/blog->/settings/subscription->/contact, 1.0
3, /chat/context/questions->/influencer_score->/settings/subscription->/contact, 1.0
3, /settings/subscription->/chat/context/questions->/success->/influencer_score, 1.0
3, /chat/context/questions->/success->/influencer_score->/blog, 1.0
3, /login->/chat->/influencer_score->/settings, 1.0
3, /contact->/login->/terms->/contact, 1.0
3, /settings->/success->/login->/blog, 1.0
3, /chat/context/questions->/settings->/pricing->/settings, 1.0
3, /chat/context/questions->/settings/affiliate->/terms->/contact, 1.0
3, /settings/affiliate->/terms->/contact->/settings, 1.0
3, /->/chat/context/questions->/terms->/settings, 1.0
3, /->/success->/chat->/login, 1.0
3, /success->/chat->/login->/terms, 1.0
3, /chat->/login->/terms->/blog, 1.0
3, /success->/blog->/success->/blog, 1.0
3, /settings/affiliate->/pricing->/success->/blog, 1.0
3, /settings/affiliate->/login->/success->/settings, 1.0
3, /chat->/success->/pricing->/contact, 1.0
3, /success->/pricing->/contact->/settings, 1.0
3, /settings->/chat/context/questions->/contact->/settings, 1.0
3, /->/blog->/contact->/blog, 1.0
3, /->/settings/affiliate->/influencer_score->/login, 1.0
3, /settings/affiliate->/influencer_score->/login->/blog, 1.0
3, /blog->/chat/context/questions->/pricing->/chat/context/questions, 1.0
3, /chat/context/questions->/pricing->/chat/context/questions->/contact, 1.0
3, /settings/subscription->/chat->/success->/contact, 1.0
3, /blog->/login->/chat->/contact, 1.0
3, /->/chat/context/questions->/blog->/chat, 1.0
3, /chat/context/questions->/blog->/chat->/blog, 1.0
3, /->/settings/subscription->/settings/affiliate->/pricing, 1.0
3, /settings/subscription->/settings/affiliate->/pricing->/login, 1.0
3, /settings/affiliate->/pricing->/login->/contact, 1.0
3, /chat->/login->/chat/context/questions->/terms, 1.0
3, /login->/chat/context/questions->/terms->/blog, 1.0
3, /success->/chat/context/questions->/settings/affiliate->/settings, 1.0
3, /terms->/pricing->/login->/settings/affiliate, 1.0
3, /login->/settings/affiliate->/pricing->/settings, 1.0
3, /terms->/chat->/terms->/settings/subscription, 1.0
3, /chat->/terms->/settings/subscription->/contact, 1.0
3, /settings->/chat/context/questions->/login->/success, 1.0
3, /chat/context/questions->/login->/success->/contact, 1.0
3, /settings->/influencer_score->/pricing->/settings/affiliate, 1.0
3, /influencer_score->/pricing->/settings/affiliate->/login, 1.0
3, /pricing->/settings/affiliate->/login->/settings, 1.0
3, /->/chat->/influencer_score->/settings, 1.0
3, /settings->/chat/context/questions->/settings->/blog, 0.5
3, /settings->/chat/context/questions->/settings->/contact, 0.5
3, /influencer_score->/contact->/terms->/settings, 1.0
3, /settings->/contact->/terms->/success, 1.0
3, /contact->/terms->/success->/settings, 1.0
3, /->/contact->/blog->/settings/subscription, 1.0
3, /contact->/blog->/settings/subscription->/blog, 1.0
3, /blog->/settings/subscription->/blog->/settings, 1.0
3, /->/blog->/influencer_score->/success, 1.0
3, /blog->/influencer_score->/success->/contact, 1.0
3, /blog->/settings/affiliate->/chat/context/questions->/contact, 1.0
3, /->/chat->/pricing->/chat/context/questions, 0.06666666666666667
3, /->/chat->/pricing->/success, 0.9333333333333333
3, /chat->/pricing->/chat/context/questions->/contact, 1.0
3, /login->/influencer_score->/blog->/contact, 1.0
3, /login->/success->/terms->/settings, 1.0
3, /blog->/settings->/chat/context/questions->/blog, 0.5
3, /blog->/settings->/chat/context/questions->/settings, 0.5
3, /->/settings/subscription->/terms->/blog, 1.0
3, /login->/terms->/blog->/login, 1.0
3, /terms->/blog->/login->/settings, 1.0
3, /->/terms->/chat/context/questions->/settings, 1.0
3, /chat->/settings/affiliate->/settings/subscription->/contact, 1.0
3, /contact->/pricing->/influencer_score->/settings/subscription, 1.0
3, /pricing->/influencer_score->/settings/subscription->/chat, 1.0
3, /influencer_score->/settings/subscription->/chat->/contact, 1.0
3, /blog->/settings/affiliate->/chat->/contact, 1.0
3, /settings/affiliate->/contact->/settings/subscription->/success, 1.0
3, /login->/chat->/blog->/contact, 1.0
3, /blog->/pricing->/success->/settings, 1.0
3, /pricing->/success->/settings->/success, 1.0
3, /success->/settings->/success->/contact, 1.0
3, /->/terms->/settings/subscription->/chat/context/questions, 1.0
3, /terms->/settings/subscription->/chat/context/questions->/settings/subscription, 1.0
3, /settings/subscription->/chat/context/questions->/settings/subscription->/blog, 1.0
3, /settings/affiliate->/success->/chat->/chat/context/questions, 1.0
3, /success->/chat->/chat/context/questions->/settings, 1.0
3, /chat/context/questions->/login->/chat/context/questions->/pricing, 1.0
3, /login->/chat/context/questions->/pricing->/contact, 1.0
3, /->/chat->/settings/subscription->/influencer_score, 1.0
3, /chat->/settings/subscription->/influencer_score->/pricing, 1.0
3, /settings/subscription->/influencer_score->/pricing->/blog, 1.0
3, /contact->/login->/chat/context/questions->/blog, 1.0
3, /contact->/login->/settings/affiliate->/settings, 1.0
3, /blog->/login->/success->/settings, 1.0
3, /->/chat->/chat/context->/pricing, 0.4180327868852459
3, /->/chat->/chat/context->/chat, 0.5737704918032787
3, /->/chat->/chat/context->/chat/questions, 0.00819672131147541
3, /chat->/chat/context->/pricing->/success, 1.0
3, /->/login->/->/chat, 1.0
3, /login->/->/chat->/chat/questions, 0.5833333333333334
3, /login->/->/chat->/chat/context, 0.3416666666666667
3, /login->/->/chat->/pricing, 0.075
3, /settings->/->/chat->/pricing, 0.043478260869565216
3, /settings->/->/chat->/chat/questions, 0.13043478260869565
3, /settings->/->/chat->/chat/context, 0.8260869565217391
3, /chat->/chat/context->/chat->/pricing, 0.6238532110091743
3, /chat->/chat/context->/chat->/chat/questions, 0.3761467889908257
3, /->/chat->/chat/questions->/pricing, 0.2459016393442623
3, /->/chat->/chat/questions->/chat, 0.7540983606557377
3, /settings->/settings/subscription->/->/chat, 0.8392857142857143
3, /settings->/settings/subscription->/->/login, 0.017857142857142856
3, /settings->/settings/subscription->/->/pricing, 0.14285714285714285
3, /pricing->/success->/login->/, 0.9315068493150684
3, /pricing->/success->/login->/chat, 0.0684931506849315
3, /chat->/chat/questions->/chat->/pricing, 0.5210084033613446
3, /chat->/chat/questions->/chat->/chat/context, 0.4789915966386555
3, /chat/questions->/chat->/pricing->/success, 1.0
3, /chat->/pricing->/success->/login, 1.0
3, /chat/context->/pricing->/success->/login, 1.0
3, /login->/->/pricing->/success, 1.0
3, /chat->/chat/questions->/pricing->/success, 1.0
3, /chat/context->/chat->/pricing->/success, 1.0
3, /chat/questions->/chat->/chat/context->/pricing, 1.0
3, /settings->/->/pricing->/success, 1.0
3, /settings/subscription->/->/chat->/chat/context, 0.23255813953488372
3, /settings/subscription->/->/chat->/chat/questions, 0.37209302325581395
3, /settings/subscription->/->/chat->/pricing, 0.3953488372093023
3, /success->/login->/->/chat, 1.0
3, /chat/context->/chat->/chat/questions->/pricing, 0.7948717948717948
3, /chat/context->/chat->/chat/questions->/chat, 0.20512820512820512
3, /settings/subscription->/->/pricing->/success, 1.0
3, /chat/questions->/pricing->/success->/login, 1.0
