username,traversals
user196,/->/pricing->/settings
user202,/->/login->/settings/affiliate->/terms->/influencer_score->/blog
user203,/->/success->/login->/influencer_score->/contact
user206,/settings->/pricing->/contact
user209,/->/influencer_score->/settings/affiliate->/settings
user210,/->/terms->/settings/affiliate->/settings
user211,/settings/affiliate->/blog
user215,/->/influencer_score->/pricing->/settings
user217,/->/blog
user218,/->/success->/settings/affiliate->/terms->/settings/affiliate->/settings
user225,/contact->/settings/subscription->/settings/affiliate->/chat/context/questions->/pricing->/contact
user228,/success->/settings->/terms->/blog
user231,/->/blog
user235,/->/blog
user236,/->/blog->/chat->/settings/affiliate->/chat/context/questions->/blog
user237,/->/blog->/terms->/settings/affiliate->/chat->/settings
user238,/->/login->/chat/context/questions->/settings->/settings/subscription->/settings
user240,/success->/settings/affiliate->/blog
user241,/->/chat->/contact->/settings/affiliate->/contact
user242,/->/influencer_score->/blog->/contact
user246,/->/contact->/login->/blog
user247,/->/chat/context/questions->/login->/settings/subscription->/contact
user248,/->/chat->/blog->/contact->/settings
user254,/->/influencer_score->/settings/affiliate->/settings
user256,/->/settings/affiliate->/blog
user258,/settings/affiliate->/login->/chat/context/questions->/settings->/blog->/contact
user260,/->/blog
user261,/->/settings->/blog->/settings
user264,/->/pricing->/settings->/chat->/contact
user266,/login->/settings
user267,/settings/affiliate->/settings
user269,/->/blog->/settings/affiliate->/blog->/settings
user271,/->/blog
user275,/->/pricing->/settings/affiliate->/settings
user279,/pricing->/contact
user280,/chat->/terms->/success->/chat/context/questions->/pricing->/blog
user281,/->/settings/affiliate->/chat->/blog->/success->/blog
user284,/->/settings/subscription->/chat->/blog->/settings/affiliate->/contact
user285,/settings/subscription->/terms->/contact
user286,/->/influencer_score->/settings/affiliate->/contact
user287,/->/blog
user290,/->/blog
user295,/->/blog->/settings->/success->/contact->/settings
user300,/->/pricing->/settings
user301,/->/settings/subscription->/settings
user302,/->/settings/subscription->/contact->/blog->/contact
user306,/->/success->/contact
user310,/->/login->/settings/subscription->/influencer_score->/settings
user311,/->/login->/blog->/chat->/influencer_score->/settings
user316,/->/chat->/blog
user323,/->/influencer_score->/contact
user326,/->/influencer_score->/settings/subscription->/blog
user330,/->/influencer_score->/pricing->/settings
user331,/->/settings->/chat/context/questions->/contact
user332,/blog->/success->/chat/context/questions->/blog->/success->/contact
user338,/->/chat->/success->/blog->/contact->/blog
user340,/->/settings/subscription->/influencer_score->/contact->/login->/settings
user344,/chat/context/questions->/influencer_score->/contact
user348,/->/influencer_score->/blog->/chat->/settings
user349,/->/blog->/settings
user354,/success->/contact->/chat/context/questions->/contact
user358,/->/settings
user364,/->/settings/affiliate->/blog->/success->/blog
user368,/->/chat/context/questions->/pricing->/contact->/settings
user370,/settings/subscription->/blog->/settings->/settings/affiliate->/contact
user371,/->/contact->/blog
user374,/->/settings->/blog->/influencer_score->/blog
user379,/->/settings/subscription->/settings
user381,/->/contact->/settings/subscription->/blog
user385,/->/blog
user386,/->/contact->/pricing->/settings
user387,/contact->/blog->/settings/affiliate->/contact
user391,/chat/context/questions->/chat->/blog
user395,/pricing->/influencer_score->/chat->/terms->/settings
user396,/->/settings/affiliate->/settings->/blog
user400,/->/success->/settings->/chat/context/questions->/success->/blog
user407,/contact->/blog->/chat->/blog
user409,/->/success->/terms->/blog
user411,/->/blog->/chat/context/questions->/chat->/success->/blog
user412,/pricing->/settings/subscription->/chat/context/questions->/chat->/settings->/blog
user413,/->/settings
user416,/->/pricing->/blog->/login->/blog
user420,/->/contact->/settings/affiliate->/success->/settings
user421,/->/login->/terms->/settings
user422,/->/success->/settings
user434,/settings/subscription->/terms->/pricing->/contact->/success->/contact
user435,/->/login->/pricing->/contact->/blog
user437,/chat/context/questions->/chat->/pricing->/chat->/contact
user438,/->/chat/context/questions->/contact
user441,/settings->/blog
user444,/contact->/success->/blog->/contact
user447,/->/settings/affiliate->/settings
user452,/->/chat->/login->/blog
user453,/settings->/contact->/settings/subscription->/success->/contact->/blog
user454,/blog->/success->/chat->/settings/affiliate->/chat/context/questions->/blog
user461,/->/success->/login->/success->/settings
user463,/->/influencer_score->/settings/subscription->/chat/context/questions->/contact
user464,/->/settings
user470,/->/influencer_score->/contact->/login->/blog
user473,/blog->/chat/context/questions->/contact
user479,/->/login->/settings/affiliate->/chat->/chat/context/questions->/blog
user480,/->/contact->/settings/subscription->/chat->/contact
user481,/->/chat/context/questions->/contact->/settings
user482,/->/chat->/settings
user484,/chat/context/questions->/settings/subscription->/chat/context/questions->/blog->/settings/affiliate->/blog
user487,/->/contact->/influencer_score->/settings/affiliate->/terms->/contact
user490,/success->/blog
user492,/->/login->/contact
user494,/login->/chat/context/questions->/blog->/contact->/settings
user508,/->/contact
user512,/->/blog
user513,/->/settings/subscription->/influencer_score->/settings
user514,/pricing->/success->/terms->/settings
user516,/->/blog
user517,/influencer_score->/login->/contact->/terms->/settings
user519,/->/blog
user522,/influencer_score->/login->/blog->/success->/settings
user524,/->/success->/chat/context/questions->/login->/contact
user529,/->/settings->/login->/success->/settings/subscription->/contact
user530,/->/pricing->/terms->/settings/affiliate->/blog
user532,/->/contact->/success->/chat/context/questions->/contact
user533,/->/settings/subscription->/chat->/contact->/chat/context/questions->/blog
user537,/->/settings->/blog->/influencer_score->/pricing->/settings
user539,/->/settings->/chat/context/questions->/contact
user541,/chat/context/questions->/chat->/contact
user544,/->/success->/terms->/influencer_score->/settings
user546,/contact->/settings->/chat->/success->/contact->/blog
user549,/terms->/settings
user558,/contact->/chat->/influencer_score->/chat/context/questions->/settings->/contact
user559,/login->/settings->/terms->/blog->/chat/context/questions->/settings
user560,/contact->/chat->/terms->/contact
user563,/->/settings/subscription->/settings->/success->/settings/subscription->/blog
user567,/->/settings->/success->/settings
user568,/->/contact
user569,/influencer_score->/blog->/influencer_score->/blog
user570,/->/blog
user571,/->/chat->/settings
user573,/->/blog->/chat/context/questions->/blog
user576,/->/contact
user578,/->/influencer_score->/blog
user581,/settings/affiliate->/influencer_score->/settings
user582,/->/influencer_score->/contact
user583,/->/contact->/settings
user584,/->/settings->/influencer_score->/settings/subscription->/settings
user588,/->/settings->/chat/context/questions->/contact
user593,/success->/pricing->/settings
user596,/->/chat->/contact
user602,/->/terms->/pricing->/settings
user603,/->/chat/context/questions->/chat->/pricing->/settings/affiliate->/contact
user604,/->/pricing->/terms->/contact->/blog
user607,/settings/subscription->/pricing->/terms->/settings->/influencer_score->/blog
user611,/->/blog->/login->/contact
user612,/->/settings/subscription->/pricing->/blog
user613,/->/blog->/settings
user614,/->/settings->/contact->/settings/affiliate->/settings/subscription->/settings
user620,/settings/affiliate->/chat/context/questions->/contact->/login->/pricing->/settings
user625,/->/settings/affiliate->/settings
user628,/->/contact->/chat/context/questions->/contact->/settings/subscription->/contact
user631,/->/terms->/blog->/contact
user636,/->/blog->/settings/affiliate->/blog
user638,/->/settings
user639,/->/success->/settings->/influencer_score->/chat->/blog
user640,/->/terms->/login->/chat/context/questions->/settings/subscription->/settings
user642,/->/influencer_score->/blog->/settings->/contact
user644,/blog->/contact
user649,/influencer_score->/pricing->/settings/subscription->/contact->/settings
user653,/settings/subscription->/terms->/chat/context/questions->/blog
user655,/login->/success->/chat->/settings->/influencer_score->/settings
user658,/login->/contact->/chat/context/questions->/pricing->/blog
user661,/->/influencer_score->/blog
user662,/->/chat/context/questions->/settings
user663,/->/influencer_score->/contact
user664,/->/terms->/influencer_score->/terms->/settings
user667,/terms->/settings
user668,/->/pricing->/settings->/settings/affiliate->/influencer_score->/settings
user672,/->/login->/settings/affiliate->/settings/subscription->/blog
user674,/->/success->/influencer_score->/pricing->/blog
user681,/->/influencer_score->/pricing->/chat/context/questions->/chat->/blog
user682,/->/contact
user684,/->/terms->/login->/settings/subscription->/terms->/blog
user690,/->/login->/settings
user691,/->/influencer_score->/pricing->/settings->/pricing->/settings
user692,/->/success->/settings
user694,/blog->/chat->/settings/subscription->/blog
user696,/success->/contact
user697,/->/settings->/login->/settings/affiliate->/login->/settings
user698,/->/settings/subscription->/contact
user705,/settings/subscription->/settings/affiliate->/success->/contact
user711,/terms->/settings->/success->/settings/affiliate->/terms->/settings
user712,/->/blog->/settings/subscription->/blog
user716,/->/chat/context/questions->/settings->/influencer_score->/contact
user719,/->/terms->/contact
user720,/->/contact
user721,/settings->/terms->/blog
user723,/settings/affiliate->/terms->/pricing->/contact
user724,/->/settings
user725,/->/settings/affiliate->/success->/login->/settings/affiliate->/settings
user727,/->/login->/success->/blog->/chat->/blog
user731,/->/blog
user735,/login->/terms->/settings
user736,/->/login->/chat/context/questions->/contact
user738,/->/login->/chat->/contact
user741,/->/settings->/success->/contact
user743,/->/settings->/success->/chat/context/questions->/pricing->/settings
user744,/->/blog->/settings
user745,/->/settings
user747,/->/blog->/login->/chat/context/questions->/settings
user750,/->/contact->/chat->/chat/context/questions->/chat->/settings
user752,/->/blog
user755,/success->/settings
user756,/->/settings->/pricing->/blog->/terms->/blog
user757,/influencer_score->/chat->/contact->/settings
user758,/->/settings/affiliate->/contact->/blog
user761,/->/blog->/pricing->/contact
user770,/->/contact->/settings/subscription->/pricing->/influencer_score->/settings
user771,/->/influencer_score->/success->/contact
user772,/->/login->/settings->/contact
user774,/influencer_score->/contact
user776,/->/settings/subscription->/success->/settings
user784,/->/blog
user785,/->/blog->/settings->/contact
user787,/->/pricing->/settings
user788,/terms->/settings/affiliate->/terms->/success->/blog
user795,/->/login->/terms->/contact
user796,/->/contact->/success->/blog
user797,/->/contact->/settings/affiliate->/blog
user798,/->/contact
user799,/->/blog->/chat/context/questions->/chat->/terms->/settings
user800,/->/success->/settings
user801,/settings/subscription->/settings->/chat/context/questions->/settings
user802,/->/login->/settings/affiliate->/contact->/influencer_score->/settings
user803,/contact->/settings/subscription->/influencer_score->/success->/blog
user804,/->/contact
user805,/->/login->/settings->/success->/contact
user806,/->/blog
user807,/->/influencer_score->/success->/blog->/terms->/blog
user808,/->/settings/subscription->/influencer_score->/terms->/settings->/blog
user809,/->/settings/subscription->/settings->/login->/settings
user810,/->/contact
user811,/->/chat/context/questions->/login->/influencer_score->/settings/affiliate->/blog
user812,/->/settings->/login->/chat/context/questions->/blog
user813,/->/chat/context/questions->/settings/subscription->/success->/contact
user814,/->/login->/settings->/blog->/login->/contact
user815,/->/settings/subscription->/influencer_score->/settings->/contact
user816,/settings/subscription->/blog->/settings->/blog
user817,/chat/context/questions->/blog
user818,/->/pricing->/login->/success->/pricing->/contact
user819,/contact->/success->/settings
user820,/settings/subscription->/settings
user821,/settings/subscription->/login->/contact->/settings->/influencer_score->/contact
user822,/->/settings->/contact
user823,/->/pricing->/success->/contact
user824,/influencer_score->/login->/blog
user825,/->/contact
user826,/->/blog->/settings
user827,/->/login->/settings
user828,/->/blog->/chat->/terms->/login->/contact
user829,/->/terms->/contact
user830,/->/login->/terms->/blog
user831,/->/chat/context/questions->/contact
user832,/pricing->/blog->/contact->/blog
user833,/->/settings
user834,/pricing->/success->/influencer_score->/settings
user835,/->/login->/blog
user836,/->/settings
user837,/->/pricing->/contact
user838,/->/success->/terms->/settings
user839,/settings/affiliate->/settings
user840,/->/success->/contact
user841,/->/pricing->/settings/affiliate->/settings/subscription->/settings->/contact
user842,/success->/chat->/influencer_score->/settings/subscription->/settings
user843,/->/settings/affiliate->/login->/contact
user844,/->/settings->/chat->/settings->/contact
user845,/->/pricing->/settings/subscription->/chat/context/questions->/settings
user846,/->/blog->/terms->/chat->/contact
user847,/->/blog
user848,/->/blog->/settings
user849,/settings/affiliate->/blog
user850,/->/pricing->/blog->/contact
user851,/terms->/contact
user852,/->/pricing->/login->/settings/affiliate->/blog
user853,/->/settings->/chat/context/questions->/success->/contact
user854,/contact->/settings->/blog
user855,/->/blog
user856,/->/settings/affiliate->/settings->/chat/context/questions->/blog->/settings
user857,/->/blog
user858,/->/chat->/blog->/contact
user859,/->/login->/blog
user860,/pricing->/settings/affiliate->/chat/context/questions->/settings
user861,/->/influencer_score->/contact
user862,/->/terms->/influencer_score->/settings
user863,/->/settings
user864,/->/blog
user865,/->/success->/influencer_score->/blog
user866,/->/settings
user867,/chat->/settings/subscription->/contact->/success->/login->/contact
user868,/->/terms->/login->/settings/affiliate->/settings
user869,/->/blog->/contact
user870,/->/settings->/blog->/chat/context/questions->/blog
user871,/->/settings->/login->/terms->/login->/settings
user872,/->/success->/settings/affiliate->/settings
user873,/->/settings/affiliate->/chat->/settings/affiliate->/blog->/contact
user874,/->/settings
user875,/->/blog
user876,/->/pricing->/login->/blog
user877,/chat/context/questions->/influencer_score->/contact
user878,/->/settings/subscription->/blog->/settings
user879,/->/settings/subscription->/chat/context/questions->/settings
user880,/->/terms->/settings->/settings/affiliate->/success->/settings
user881,/->/success->/influencer_score->/blog
user882,/->/login->/contact
user883,/->/contact
user884,/chat/context/questions->/settings->/blog
user885,/->/terms->/settings->/contact->/blog->/settings
user886,/->/contact
user887,/->/influencer_score->/login->/influencer_score->/settings->/blog
user888,/->/settings->/login->/contact
user889,/->/pricing->/chat/context/questions->/success->/contact
user890,/->/settings/affiliate->/settings/subscription->/blog->/settings/subscription->/contact
user891,/chat/context/questions->/influencer_score->/settings/subscription->/contact
user892,/->/settings
user893,/->/login->/contact
user894,/->/contact
user895,/settings->/pricing->/settings
user896,/->/influencer_score->/contact
user897,/->/settings/subscription->/chat/context/questions->/success->/influencer_score->/blog
user898,/->/login->/chat->/influencer_score->/settings
user899,/->/terms->/contact
user900,/->/settings/affiliate->/contact
user901,/contact->/login->/terms->/contact
user902,/->/settings->/login->/blog
user903,/->/settings->/success->/login->/blog
user904,/settings/affiliate->/chat/context/questions->/settings
user905,/chat/context/questions->/settings->/pricing->/settings
user906,/chat/context/questions->/settings/affiliate->/terms->/contact->/settings
user907,/->/chat/context/questions->/terms->/settings
user908,/->/success->/chat->/login->/terms->/blog
user909,/success->/blog->/success->/blog
user910,/->/blog
user911,/->/terms->/settings
user912,/->/pricing->/settings
user913,/login->/blog
user914,/->/settings
user915,/settings/affiliate->/pricing->/success->/blog
user916,/->/settings/affiliate->/contact
user917,/->/settings/affiliate->/login->/success->/settings
user918,/->/chat->/success->/pricing->/contact->/settings
user919,/->/settings
user920,/->/settings->/chat/context/questions->/contact->/settings
user921,/->/blog->/contact->/blog
user922,/->/terms->/pricing->/settings
user923,/->/settings/affiliate->/influencer_score->/login->/blog
user924,/blog->/chat/context/questions->/pricing->/chat/context/questions->/contact
user925,/->/settings
user926,/->/settings/subscription->/chat->/success->/contact
user927,/->/blog->/chat->/blog
user928,/->/blog->/login->/chat->/contact
user929,/->/chat/context/questions->/blog->/chat->/blog
user930,/->/settings/subscription->/settings/affiliate->/pricing->/login->/contact
user931,/settings/subscription->/chat->/settings
user932,/->/contact
user933,/->/chat->/login->/chat/context/questions->/terms->/blog
user934,/->/success->/chat/context/questions->/settings/affiliate->/settings
user935,/->/influencer_score->/settings/affiliate->/settings
user936,/->/blog
user937,/->/contact
user938,/->/influencer_score->/login->/influencer_score->/contact
user939,/terms->/pricing->/login->/settings/affiliate->/pricing->/settings
user940,/terms->/chat->/terms->/settings/subscription->/contact
user941,/->/settings->/chat/context/questions->/login->/success->/contact
user942,/settings->/influencer_score->/pricing->/settings/affiliate->/login->/settings
user943,/->/login->/chat/context/questions->/contact
user944,/->/settings
user945,/->/chat->/influencer_score->/settings
user946,/->/contact
user947,/->/settings->/chat/context/questions->/settings->/blog
user948,/->/terms->/contact
user949,/->/influencer_score->/contact->/terms->/settings
user950,/->/settings->/contact->/terms->/success->/settings
user951,/->/contact->/blog->/settings/subscription->/blog->/settings
user952,/->/settings/subscription->/chat/context/questions->/blog
user953,/->/blog->/influencer_score->/success->/contact
user954,/->/settings
user955,/->/settings
user956,/->/contact
user957,/contact->/settings
user958,/->/blog
user959,/->/settings/subscription->/contact
user960,/->/settings
user961,/login->/blog
user962,/terms->/blog
user963,/chat->/chat/context/questions->/chat->/settings->/contact
user964,/contact->/pricing->/contact
user965,/->/blog->/settings/affiliate->/chat/context/questions->/contact->/settings
user966,/->/chat->/pricing->/chat/context/questions->/contact
user967,/pricing->/settings
user968,/->/settings->/contact->/settings
user969,/login->/influencer_score->/blog->/contact
user970,/success->/login->/success->/terms->/settings
user971,/->/blog->/settings->/chat/context/questions->/blog->/settings
user972,/->/settings/subscription->/terms->/blog
user973,/->/contact
user974,/login->/terms->/blog->/login->/settings
user975,/->/terms->/chat/context/questions->/settings
user976,/chat->/settings/affiliate->/settings/subscription->/contact
user977,/contact->/pricing->/influencer_score->/settings/subscription->/chat->/contact
user978,/->/blog->/settings/affiliate->/chat->/contact
user979,/chat/context/questions->/success->/blog
user980,/->/settings/affiliate->/contact->/settings/subscription->/success->/settings
user981,/->/chat/context/questions->/contact
user982,/login->/chat->/blog->/contact
user983,/blog->/pricing->/success->/settings->/success->/contact
user984,/->/terms->/settings/subscription->/chat/context/questions->/settings/subscription->/blog
user985,/->/settings/affiliate->/blog->/settings
user986,/->/settings/affiliate->/success->/chat->/chat/context/questions->/settings
user987,/->/contact
user988,/->/chat/context/questions->/login->/chat/context/questions->/pricing->/contact
user989,/->/chat->/settings/subscription->/influencer_score->/pricing->/blog
user990,/blog->/settings->/chat/context/questions->/settings->/contact
user991,/settings->/blog
user992,/->/blog->/chat/context/questions->/blog
user993,/->/chat/context/questions->/settings/subscription->/success->/blog
user994,/->/influencer_score->/login->/blog
user995,/->/contact->/login->/chat/context/questions->/blog->/contact
user996,/contact->/login->/settings/affiliate->/settings
user997,/->/blog->/login->/success->/settings
user998,/->/terms->/settings
user999,/settings->/blog
user1000,/->/success->/contact
newuser1,/->/chat->/chat/context->/pricing->/success
newuser2,/->/login->/->/chat->/chat/questions
newuser3,/settings->/->/chat->/pricing->/success
newuser4,/->/chat->/chat/context->/chat->/pricing
newuser5,/login->/->/chat->/chat/questions->/pricing
newuser6,/->/chat->/chat/context->/pricing->/success
newuser7,/settings->/settings/subscription->/->/chat
newuser8,/->/pricing->/success->/login->/
newuser9,/chat->/chat/questions->/chat->/pricing->/success
newuser10,/->/login->/->/chat->/chat/context
newuser11,/settings->/->/chat->/chat/questions->/pricing
newuser12,/->/chat->/pricing->/success->/login
newuser13,/login->/->/chat->/chat/context->/pricing
newuser14,/->/chat->/chat/questions->/chat->/pricing
newuser15,/settings->/settings/subscription->/->/login
newuser16,/->/pricing->/success->/login->/chat
newuser17,/chat->/chat/context->/pricing->/success->/login
newuser18,/->/login->/->/chat->/chat/questions
newuser19,/settings->/->/chat->/pricing->/success
newuser20,/->/chat->/chat/context->/chat->/chat/questions
newuser21,/login->/->/pricing->/success->/login
newuser22,/->/chat->/chat/questions->/pricing->/success
newuser23,/settings->/settings/subscription->/->/chat
newuser24,/->/login->/->/chat->/chat/context
newuser25,/chat->/chat/context->/chat->/pricing->/success
newuser26,/->/pricing->/success->/login->/chat
newuser27,/settings->/->/chat->/chat/questions->/pricing
newuser28,/->/chat->/chat/context->/pricing->/success
newuser29,/login->/->/chat->/chat/questions->/chat
newuser30,/->/chat->/pricing->/success->/login
newuser31,/settings->/settings/subscription->/->/pricing
newuser32,/->/login->/->/chat->/chat/context
newuser33,/chat->/chat/questions->/chat->/pricing->/success
newuser34,/->/pricing->/success->/login->/chat
newuser35,/settings->/->/chat->/chat/context->/pricing
newuser36,/->/chat->/chat/questions->/chat->/pricing
newuser37,/login->/->/chat->/chat/context->/chat/questions
newuser38,/->/pricing->/success->/login->/chat
newuser39,/settings->/settings/subscription->/->/chat
newuser40,/->/chat->/chat/context->/pricing->/success
newuser41,/chat->/chat/questions->/chat->/chat/context->/pricing
newuser42,/->/login->/->/chat->/chat/questions
newuser43,/settings->/->/pricing->/success->/login
newuser44,/->/chat->/chat/context->/chat->/pricing
newuser45,/login->/->/chat->/chat/questions->/chat
newuser46,/->/pricing->/success->/login->/chat
newuser47,/settings->/settings/subscription->/->/chat
newuser48,/->/chat->/chat/context->/pricing->/success
newuser49,/chat->/chat/questions->/chat->/pricing->/success
newuser50,/->/login->/->/chat->/chat/context
newuser51,/->/chat->/chat/context->/pricing->/success
newuser52,/settings->/->/chat->/chat/questions->/chat
newuser53,/->/login->/->/chat->/pricing->/success
newuser54,/chat->/chat/context->/chat->/pricing->/success
newuser55,/->/pricing->/success->/login->/
newuser56,/settings->/settings/subscription->/->/chat->/chat/context
newuser57,/->/chat->/chat/questions->/chat->/pricing
newuser58,/login->/->/chat->/chat/context->/pricing->/success
newuser59,/->/chat->/chat/context->/chat->/chat/questions
newuser60,/settings->/->/pricing->/success->/login
newuser61,/->/chat->/pricing->/success->/login->/
newuser62,/chat->/chat/questions->/chat->/pricing->/success
newuser63,/->/login->/->/chat->/chat/context->/pricing
newuser64,/settings->/settings/subscription->/->/chat->/chat/questions
newuser65,/->/chat->/chat/context->/pricing->/success->/login
newuser66,/chat->/chat/questions->/chat->/chat/context->/pricing
newuser67,/->/pricing->/success->/login->/->/chat
newuser68,/settings->/->/chat->/chat/questions->/chat->/pricing
newuser69,/->/chat->/chat/context->/chat->/pricing->/success
newuser70,/login->/->/chat->/chat/questions->/chat->/chat/context
newuser71,/->/pricing->/success->/login->/->/chat
newuser72,/settings->/settings/subscription->/->/chat->/pricing->/success
newuser73,/->/chat->/chat/context->/chat->/chat/questions->/pricing
newuser74,/chat->/chat/questions->/chat->/pricing->/success->/login
newuser75,/->/login->/->/chat->/chat/context->/chat
newuser76,/settings->/->/pricing->/success->/login->/
newuser77,/->/chat->/chat/questions->/chat->/pricing->/success
newuser78,/chat->/chat/context->/chat->/chat/questions->/chat->/pricing
newuser79,/->/pricing->/success->/login->/->/chat
newuser80,/settings->/settings/subscription->/->/chat->/chat/context->/pricing
newuser81,/->/chat->/chat/context->/chat->/pricing->/success
newuser82,/login->/->/chat->/chat/questions->/chat->/chat/context
newuser83,/->/pricing->/success->/login->/->/chat
newuser84,/settings->/->/chat->/chat/context->/pricing->/success
newuser85,/->/chat->/chat/questions->/chat->/chat/context->/pricing
newuser86,/chat->/chat/context->/chat->/pricing->/success->/login
newuser87,/->/login->/->/chat->/chat/questions->/chat
newuser88,/settings->/settings/subscription->/->/pricing->/success
newuser89,/->/chat->/chat/context->/chat->/chat/questions->/pricing
newuser90,/chat->/chat/questions->/chat->/pricing->/success->/login
newuser91,/->/pricing->/success->/login->/->/chat
newuser92,/settings->/->/chat->/chat/context->/chat->/pricing
newuser93,/->/chat->/chat/questions->/chat->/chat/context->/pricing
newuser94,/login->/->/chat->/chat/questions->/chat->/chat/context
newuser95,/->/pricing->/success->/login->/->/chat
newuser96,/settings->/settings/subscription->/->/chat->/pricing->/success
newuser97,/->/chat->/chat/context->/chat->/chat/questions->/pricing
newuser98,/chat->/chat/questions->/chat->/pricing->/success->/login
newuser99,/->/login->/->/chat->/chat/context->/chat->/pricing
newuser100,/settings->/->/pricing->/success->/login->/
newuser101,/->/chat->/chat/questions->/chat->/chat/context->/pricing
newuser102,/chat->/chat/context->/chat->/pricing->/success->/login
newuser103,/->/pricing->/success->/login->/->/chat
newuser104,/settings->/settings/subscription->/->/chat->/chat/questions
newuser105,/->/chat->/chat/context->/chat->/pricing->/success
newuser106,/login->/->/chat->/chat/questions->/chat->/chat/context
newuser107,/->/pricing->/success->/login->/->/chat
newuser108,/settings->/->/chat->/chat/context->/pricing->/success
newuser109,/->/chat->/chat/questions->/chat->/chat/context->/pricing
newuser110,/chat->/chat/context->/chat->/pricing->/success->/login
newuser111,/->/login->/->/chat->/chat/questions->/chat->/pricing
newuser112,/settings->/settings/subscription->/->/pricing->/success
newuser113,/->/chat->/chat/context->/chat->/chat/questions->/pricing
newuser114,/chat->/chat/questions->/chat->/pricing->/success->/login
newuser115,/->/pricing->/success->/login->/->/chat
newuser116,/settings->/->/chat->/chat/context->/chat->/pricing
newuser117,/->/chat->/chat/questions->/chat->/chat/context->/pricing
newuser118,/login->/->/chat->/chat/questions->/chat->/chat/context
newuser119,/->/pricing->/success->/login->/->/chat
newuser120,/settings->/settings/subscription->/->/chat->/pricing->/success
newuser121,/->/chat->/chat/context->/chat->/chat/questions->/pricing
newuser122,/chat->/chat/questions->/chat->/pricing->/success->/login
newuser123,/->/login->/->/chat->/chat/context->/chat->/pricing
newuser124,/settings->/->/pricing->/success->/login->/
newuser125,/->/chat->/chat/questions->/chat->/chat/context->/pricing
newuser126,/chat->/chat/context->/chat->/pricing->/success->/login
newuser127,/->/pricing->/success->/login->/->/chat
newuser128,/settings->/settings/subscription->/->/chat->/chat/questions
newuser129,/->/chat->/chat/context->/chat->/pricing->/success
newuser130,/login->/->/chat->/chat/questions->/chat->/chat/context
newuser131,/->/pricing->/success->/login->/->/chat
newuser132,/settings->/->/chat->/chat/context->/pricing->/success
newuser133,/->/chat->/chat/questions->/chat->/chat/context->/pricing
newuser134,/chat->/chat/context->/chat->/pricing->/success->/login
newuser135,/->/login->/->/chat->/chat/questions->/chat->/pricing
newuser136,/settings->/settings/subscription->/->/pricing->/success
newuser137,/->/chat->/chat/context->/chat->/chat/questions->/pricing
newuser138,/chat->/chat/questions->/chat->/pricing->/success->/login
newuser139,/->/pricing->/success->/login->/->/chat
newuser140,/settings->/->/chat->/chat/context->/chat->/pricing
newuser141,/->/chat->/chat/questions->/chat->/chat/context->/pricing
newuser142,/login->/->/chat->/chat/questions->/chat->/chat/context
newuser143,/->/pricing->/success->/login->/->/chat
newuser144,/settings->/settings/subscription->/->/chat->/pricing->/success
newuser145,/->/chat->/chat/context->/chat->/chat/questions->/pricing
newuser146,/chat->/chat/questions->/chat->/pricing->/success->/login
newuser147,/->/login->/->/chat->/chat/context->/chat->/pricing
newuser148,/settings->/->/pricing->/success->/login->/
newuser149,/->/chat->/chat/questions->/chat->/chat/context->/pricing
newuser150,/chat->/chat/context->/chat->/pricing->/success->/login
newuser151,/->/pricing->/success->/login->/->/chat
newuser152,/settings->/settings/subscription->/->/chat->/chat/questions
newuser153,/->/chat->/chat/context->/chat->/pricing->/success
newuser154,/login->/->/chat->/chat/questions->/chat->/chat/context
newuser155,/->/pricing->/success->/login->/->/chat
newuser156,/settings->/->/chat->/chat/context->/pricing->/success
newuser157,/->/chat->/chat/questions->/chat->/chat/context->/pricing
newuser158,/chat->/chat/context->/chat->/pricing->/success->/login
newuser159,/->/login->/->/chat->/chat/questions->/chat->/pricing
newuser160,/settings->/settings/subscription->/->/pricing->/success
newuser161,/->/chat->/chat/context->/chat->/chat/questions->/pricing
newuser162,/chat->/chat/questions->/chat->/pricing->/success->/login
newuser163,/->/pricing->/success->/login->/->/chat
newuser164,/settings->/->/chat->/chat/context->/chat->/pricing
newuser165,/->/chat->/chat/questions->/chat->/chat/context->/pricing
newuser166,/login->/->/chat->/chat/questions->/chat->/chat/context
newuser167,/->/pricing->/success->/login->/->/chat
newuser168,/settings->/settings/subscription->/->/chat->/pricing->/success
newuser169,/->/chat->/chat/context->/chat->/chat/questions->/pricing
newuser170,/chat->/chat/questions->/chat->/pricing->/success->/login
newuser171,/->/login->/->/chat->/chat/context->/chat->/pricing
newuser172,/settings->/->/pricing->/success->/login->/
newuser173,/->/chat->/chat/questions->/chat->/chat/context->/pricing
newuser174,/chat->/chat/context->/chat->/pricing->/success->/login
newuser175,/->/pricing->/success->/login->/->/chat
newuser176,/settings->/settings/subscription->/->/chat->/chat/questions
newuser177,/->/chat->/chat/context->/chat->/pricing->/success
newuser178,/login->/->/chat->/chat/questions->/chat->/chat/context
newuser179,/->/pricing->/success->/login->/->/chat
newuser180,/settings->/->/chat->/chat/context->/pricing->/success
newuser181,/->/chat->/chat/questions->/chat->/chat/context->/pricing
newuser182,/chat->/chat/context->/chat->/pricing->/success->/login
newuser183,/->/login->/->/chat->/chat/questions->/chat->/pricing
newuser184,/settings->/settings/subscription->/->/pricing->/success
newuser185,/->/chat->/chat/context->/chat->/chat/questions->/pricing
newuser186,/chat->/chat/questions->/chat->/pricing->/success->/login
newuser187,/->/pricing->/success->/login->/->/chat
newuser188,/settings->/->/chat->/chat/context->/chat->/pricing
newuser189,/->/chat->/chat/questions->/chat->/chat/context->/pricing
newuser190,/login->/->/chat->/chat/questions->/chat->/chat/context
newuser191,/->/pricing->/success->/login->/->/chat
newuser192,/settings->/settings/subscription->/->/chat->/pricing->/success
newuser193,/->/chat->/chat/context->/chat->/chat/questions->/pricing
newuser194,/chat->/chat/questions->/chat->/pricing->/success->/login
newuser195,/->/login->/->/chat->/chat/context->/chat->/pricing
newuser196,/settings->/->/pricing->/success->/login->/
newuser197,/->/chat->/chat/questions->/chat->/chat/context->/pricing
newuser198,/chat->/chat/context->/chat->/pricing->/success->/login
newuser199,/->/pricing->/success->/login->/->/chat
newuser200,/settings->/settings/subscription->/->/chat->/chat/questions
newuser201,/->/chat->/chat/context->/chat->/pricing->/success
newuser202,/login->/->/chat->/chat/questions->/chat->/chat/context
newuser203,/->/pricing->/success->/login->/->/chat
newuser204,/settings->/->/chat->/chat/context->/pricing->/success
newuser205,/->/chat->/chat/questions->/chat->/chat/context->/pricing
newuser206,/chat->/chat/context->/chat->/pricing->/success->/login
newuser207,/->/login->/->/chat->/chat/questions->/chat->/pricing
newuser208,/settings->/settings/subscription->/->/pricing->/success
newuser209,/->/chat->/chat/context->/chat->/chat/questions->/pricing
newuser210,/chat->/chat/questions->/chat->/pricing->/success->/login
newuser211,/->/pricing->/success->/login->/->/chat
newuser212,/settings->/->/chat->/chat/context->/chat->/pricing
newuser213,/->/chat->/chat/questions->/chat->/chat/context->/pricing
newuser214,/login->/->/chat->/chat/questions->/chat->/chat/context
newuser215,/->/pricing->/success->/login->/->/chat
newuser216,/settings->/settings/subscription->/->/chat->/pricing->/success
newuser217,/->/chat->/chat/context->/chat->/chat/questions->/pricing
newuser218,/chat->/chat/questions->/chat->/pricing->/success->/login
newuser219,/->/login->/->/chat->/chat/context->/chat->/pricing
newuser220,/settings->/->/pricing->/success->/login->/
newuser221,/->/chat->/chat/questions->/chat->/chat/context->/pricing
newuser222,/chat->/chat/context->/chat->/pricing->/success->/login
newuser223,/->/pricing->/success->/login->/->/chat
newuser224,/settings->/settings/subscription->/->/chat->/chat/questions
newuser225,/->/chat->/chat/context->/chat->/pricing->/success
newuser226,/login->/->/chat->/chat/questions->/chat->/chat/context
newuser227,/->/pricing->/success->/login->/->/chat
newuser228,/settings->/->/chat->/chat/context->/pricing->/success
newuser229,/->/chat->/chat/questions->/chat->/chat/context->/pricing
newuser230,/chat->/chat/context->/chat->/pricing->/success->/login
newuser231,/->/login->/->/chat->/chat/questions->/chat->/pricing
newuser232,/settings->/settings/subscription->/->/pricing->/success
newuser233,/->/chat->/chat/context->/chat->/chat/questions->/pricing
newuser234,/chat->/chat/questions->/chat->/pricing->/success->/login
newuser235,/->/pricing->/success->/login->/->/chat
newuser236,/settings->/->/chat->/chat/context->/chat->/pricing
newuser237,/->/chat->/chat/questions->/chat->/chat/context->/pricing
newuser238,/login->/->/chat->/chat/questions->/chat->/chat/context
newuser239,/->/pricing->/success->/login->/->/chat
newuser240,/settings->/settings/subscription->/->/chat->/pricing->/success
newuser241,/->/chat->/chat/context->/chat->/chat/questions->/pricing
newuser242,/chat->/chat/questions->/chat->/pricing->/success->/login
newuser243,/->/login->/->/chat->/chat/context->/chat->/pricing
newuser244,/settings->/->/pricing->/success->/login->/
newuser245,/->/chat->/chat/questions->/chat->/chat/context->/pricing
newuser246,/chat->/chat/context->/chat->/pricing->/success->/login
newuser247,/->/pricing->/success->/login->/->/chat
newuser248,/settings->/settings/subscription->/->/chat->/chat/questions
newuser249,/->/chat->/chat/context->/chat->/pricing->/success
newuser250,/login->/->/chat->/chat/questions->/chat->/chat/context